date,competition,season,home_team,away_team,home_goals,away_goals,result,winner,home_win,elo_home,elo_away,elo_diff,elo_home_adv,elo_diff_adv
2025-08-08,CL,2025-2026,Birmingham,Ipswich,1,1,D,draw,0,1000.0,1000.0,0.0,1075.0,75.0
2025-08-09,CL,2025-2026,Charlton,Watford,1,0,H,home,1,1000.0,1000.0,0.0,1075.0,75.0
2025-08-09,CL,2025-2026,West Brom,Blackburn,1,0,H,home,1,1000.0,1000.0,0.0,1075.0,75.0
2025-08-09,CL,2025-2026,Stoke,Derby,3,1,H,home,1,1000.0,1000.0,0.0,1075.0,75.0
2025-08-09,CL,2025-2026,QPR,Preston,1,1,D,draw,0,1000.0,1000.0,0.0,1075.0,75.0
2025-08-09,CL,2025-2026,Sheffield United,Bristol City,1,4,A,away,0,1000.0,1000.0,0.0,1075.0,75.0
2025-08-09,CL,2025-2026,Norwich,Millwall,1,2,A,away,0,1000.0,1000.0,0.0,1075.0,75.0
2025-08-09,CL,2025-2026,Middlesbrough,Swansea,1,0,H,home,1,1000.0,1000.0,0.0,1075.0,75.0
2025-08-09,CL,2025-2026,Southampton,Wrexham,2,1,H,home,1,1000.0,1000.0,0.0,1075.0,75.0
2025-08-09,CL,2025-2026,Coventry,Hull,0,0,D,draw,0,1000.0,1000.0,0.0,1075.0,75.0
2025-08-09,CL,2025-2026,Oxford,Portsmouth,0,1,A,away,0,1000.0,1000.0,0.0,1075.0,75.0
2025-08-10,CL,2025-2026,Leicester,Sheffield Weds,2,1,H,home,1,1000.0,1000.0,0.0,1075.0,75.0
2025-08-15,EPL,2025-2026,Liverpool,Bournemouth,4,2,H,home,1,1000.0,1000.0,0.0,1075.0,75.0
2025-08-16,CL,2025-2026,Portsmouth,Norwich,1,2,A,away,0,1012.1257564757086,987.8742435242914,24.251512951417226,1087.1257564757086,99.25151295141723
2025-08-16,EPL,2025-2026,Aston Villa,Newcastle,0,0,D,draw,0,1000.0,1000.0,0.0,1075.0,75.0
2025-08-16,EPL,2025-2026,Brighton,Fulham,1,1,D,draw,0,1000.0,1000.0,0.0,1075.0,75.0
2025-08-16,EPL,2025-2026,Sunderland,West Ham,3,0,H,home,1,1000.0,1000.0,0.0,1075.0,75.0
2025-08-16,EPL,2025-2026,Tottenham,Burnley,3,0,H,home,1,1000.0,1000.0,0.0,1075.0,75.0
2025-08-16,EPL,2025-2026,Wolves,Man City,0,4,A,away,0,1000.0,1000.0,0.0,1075.0,75.0
2025-08-16,CL,2025-2026,Derby,Coventry,3,5,A,away,0,992.1257564757086,997.8742435242914,-5.748487048582774,1067.1257564757086,69.25151295141723
2025-08-16,CL,2025-2026,Watford,QPR,2,1,H,home,1,992.1257564757086,997.8742435242914,-5.748487048582774,1067.1257564757086,69.25151295141723
2025-08-16,CL,2025-2026,Blackburn,Birmingham,1,2,A,away,0,992.1257564757086,997.8742435242914,-5.748487048582774,1067.1257564757086,69.25151295141723
2025-08-16,CL,2025-2026,Millwall,Middlesbrough,0,3,A,away,0,1012.1257564757086,1007.8742435242914,4.251512951417226,1087.1257564757086,79.25151295141723
2025-08-16,CL,2025-2026,Preston,Leicester,2,1,H,home,1,1002.1257564757086,1007.8742435242914,-5.748487048582774,1077.1257564757086,69.25151295141723
2025-08-16,CL,2025-2026,Sheffield Weds,Stoke,0,3,A,away,0,992.1257564757086,1007.8742435242914,-15.748487048582774,1067.1257564757086,59.251512951417226
2025-08-16,CL,2025-2026,Swansea,Sheffield United,1,0,H,home,1,992.1257564757086,987.8742435242914,4.251512951417226,1067.1257564757086,79.25151295141723
2025-08-16,CL,2025-2026,Bristol City,Charlton,0,0,D,draw,0,1012.1257564757086,1007.8742435242914,4.251512951417226,1087.1257564757086,79.25151295141723
2025-08-16,CL,2025-2026,Wrexham,West Brom,2,3,A,away,0,992.1257564757086,1007.8742435242914,-15.748487048582774,1067.1257564757086,59.251512951417226
2025-08-17,CL,2025-2026,Ipswich,Southampton,1,1,D,draw,0,1002.1257564757086,1007.8742435242914,-5.748487048582774,1077.1257564757086,69.25151295141723
2025-08-17,EPL,2025-2026,Chelsea,Crystal Palace,0,0,D,draw,0,1000.0,1000.0,0.0,1075.0,75.0
2025-08-17,CL,2025-2026,Hull,Oxford,3,2,H,home,1,1002.1257564757086,987.8742435242914,14.251512951417226,1077.1257564757086,89.25151295141723
2025-08-17,EPL,2025-2026,Man United,Arsenal,0,1,A,away,0,1000.0,1000.0,0.0,1075.0,75.0
2025-08-17,EPL,2025-2026,Nott'm Forest,Brentford,3,1,H,home,1,1000.0,1000.0,0.0,1075.0,75.0
2025-08-18,EPL,2025-2026,Leeds,Everton,1,0,H,home,1,1000.0,1000.0,0.0,1075.0,75.0
2025-08-22,EPL,2025-2026,West Ham,Chelsea,1,5,A,away,0,992.1257564757086,997.8742435242914,-5.748487048582774,1067.1257564757086,69.25151295141723
2025-08-22,CL,2025-2026,Derby,Bristol City,1,1,D,draw,0,980.1585212008906,1009.8834701926299,-29.724948991739325,1055.1585212008906,45.275051008260675
2025-08-23,EPL,2025-2026,Man City,Tottenham,0,2,A,away,0,1012.1257564757086,1007.8742435242914,4.251512951417226,1087.1257564757086,79.25151295141723
2025-08-23,EPL,2025-2026,Arsenal,Leeds,5,0,H,home,1,1012.1257564757086,1007.8742435242914,4.251512951417226,1087.1257564757086,79.25151295141723
2025-08-23,EPL,2025-2026,Burnley,Sunderland,2,0,H,home,1,992.1257564757086,1007.8742435242914,-15.748487048582774,1067.1257564757086,59.251512951417226
2025-08-23,CL,2025-2026,Southampton,Stoke,1,2,A,away,0,1009.8414787991094,1019.5632961590929,-9.721817359983561,1084.8414787991094,65.27818264001644
2025-08-23,CL,2025-2026,West Brom,Portsmouth,1,1,D,draw,0,1019.5632961590929,999.3443210712725,20.218975087820468,1094.563296159093,95.21897508782047
2025-08-23,CL,2025-2026,Sheffield United,Millwall,0,1,A,away,0,980.1165298073701,999.8834701926299,-19.766940385259886,1055.1165298073702,55.23305961474023
2025-08-23,EPL,2025-2026,Bournemouth,Wolves,1,0,H,home,1,992.1257564757086,987.8742435242914,4.251512951417226,1067.1257564757086,79.25151295141723
2025-08-23,CL,2025-2026,Wrexham,Sheffield Weds,2,2,D,draw,0,980.4367038409071,980.4367038409071,0.0,1055.436703840907,75.0
2025-08-23,CL,2025-2026,Preston,Ipswich,1,0,H,home,1,1010.1585212008906,1000.1585212008906,10.0,1085.1585212008906,85.0
2025-08-23,CL,2025-2026,Charlton,Leicester,0,1,A,away,0,1010.1165298073701,999.8414787991094,10.275051008260675,1085.1165298073702,85.27505100826079
2025-08-23,CL,2025-2026,Hull,Blackburn,0,3,A,away,0,1009.6119457097387,980.1585212008906,29.453424508848116,1084.6119457097388,104.45342450884823
2025-08-23,EPL,2025-2026,Brentford,Aston Villa,1,0,H,home,1,992.1257564757086,997.8742435242914,-5.748487048582774,1067.1257564757086,69.25151295141723
2025-08-23,CL,2025-2026,Birmingham,Oxford,1,0,H,home,1,1009.8414787991094,980.3880542902613,29.453424508848116,1084.8414787991094,104.45342450884812
2025-08-23,CL,2025-2026,Norwich,Middlesbrough,1,2,A,away,0,1000.6556789287275,1020.1165298073701,-19.460850878642532,1075.6556789287274,55.539149121357354
2025-08-23,CL,2025-2026,Coventry,QPR,7,1,H,home,1,1009.8414787991094,989.8414787991094,20.0,1084.8414787991094,95.0
2025-08-23,CL,2025-2026,Swansea,Watford,1,1,D,draw,0,999.8834701926299,1000.1585212008906,-0.2750510082606752,1074.8834701926298,74.72494899173921
2025-08-24,EPL,2025-2026,Fulham,Man United,1,1,D,draw,0,1002.1257564757086,987.8742435242914,14.251512951417226,1077.1257564757086,89.25151295141723
2025-08-24,EPL,2025-2026,Crystal Palace,Nott'm Forest,1,1,D,draw,0,1002.1257564757086,1007.8742435242914,-5.748487048582774,1077.1257564757086,69.25151295141723
2025-08-24,EPL,2025-2026,Everton,Brighton,2,0,H,home,1,992.1257564757086,997.8742435242914,-5.748487048582774,1067.1257564757086,69.25151295141723
2025-08-25,EPL,2025-2026,Newcastle,Liverpool,2,3,A,away,0,1002.1257564757086,1007.8742435242914,-5.748487048582774,1077.1257564757086,69.25151295141723
2025-08-29,CL,2025-2026,Leicester,Birmingham,2,0,H,home,1,1012.2477656153533,1016.9224866198848,-4.674721004531534,1087.2477656153533,70.32527899546847
2025-08-30,CL,2025-2026,Oxford,Coventry,2,2,D,draw,0,973.3070464694858,1017.1733247976861,-43.866278328200224,1048.3070464694858,31.133721671799776
2025-08-30,CL,2025-2026,Middlesbrough,Sheffield United,1,0,H,home,1,1031.7015966442796,968.540052787152,63.161543857127526,1106.7015966442796,138.16154385712753
2025-08-30,CL,2025-2026,QPR,Charlton,3,1,H,home,1,982.5096328005327,997.7102429911262,-15.200610190593466,1057.5096328005327,59.799389809406534
2025-08-30,CL,2025-2026,Blackburn,Norwich,0,2,A,away,0,993.0775133801152,989.0706120918179,4.006901288297286,1068.0775133801153,79.0069012882974
2025-08-30,CL,2025-2026,Bristol City,Hull,4,2,H,home,1,1011.1792644724152,996.6929535305142,14.486310941901024,1086.179264472415,89.48631094190091
2025-08-30,CL,2025-2026,Ipswich,Derby,2,2,D,draw,0,992.5573483817811,978.8627269211054,13.694621460675762,1067.5573483817811,88.69462146067576
2025-08-30,CL,2025-2026,Millwall,Wrexham,0,2,A,away,0,1011.459947212848,978.3109473651984,33.14899984764952,1086.459947212848,108.14899984764952
2025-08-30,CL,2025-2026,Portsmouth,Preston,1,0,H,home,1,1002.0183280116662,1017.7596940200001,-15.741366008333898,1077.0183280116662,59.2586339916661
2025-08-30,CL,2025-2026,Sheffield Weds,Swansea,0,2,A,away,0,982.5624603166157,997.7652738532802,-15.202813536664507,1057.5624603166157,59.79718646333549
2025-08-30,CL,2025-2026,Watford,Southampton,2,2,D,draw,0,1002.2767175402404,997.9844224245511,4.292295115689285,1077.2767175402405,79.2922951156894
2025-08-30,CL,2025-2026,Stoke,West Brom,0,1,A,away,0,1031.420352533651,1016.8892892186992,14.531063314951894,1106.420352533651,89.5310633149519
2025-08-30,EPL,2025-2026,Leeds,Newcastle,0,0,D,draw,0,1000.1165298073701,990.1585212008906,9.958008606479439,1075.1165298073702,84.95800860647955
2025-08-30,EPL,2025-2026,Wolves,Everton,2,3,A,away,0,980.1165298073701,1000.1585212008906,-20.04199139352056,1055.1165298073702,54.95800860647955
2025-08-30,EPL,2025-2026,Tottenham,Bournemouth,0,1,A,away,0,1020.1165298073701,999.8834701926299,20.233059614740114,1095.1165298073702,95.23305961474023
2025-08-30,EPL,2025-2026,Sunderland,Brentford,2,1,H,home,1,999.5632961590929,1000.1585212008906,-0.5952250417976757,1074.563296159093,74.40477495820232
2025-08-30,EPL,2025-2026,Man United,Burnley,3,2,H,home,1,990.3880542902613,1000.4367038409071,-10.048649550645791,1065.3880542902612,64.9513504493541
2025-08-30,EPL,2025-2026,Chelsea,Fulham,2,0,H,home,1,1009.8414787991094,999.6119457097387,10.229533089370648,1084.8414787991094,85.22953308937065
2025-08-31,EPL,2025-2026,Liverpool,Arsenal,1,0,H,home,1,1019.8414787991094,1019.8834701926299,-0.04199139352056136,1094.8414787991094,74.95800860647944
2025-08-31,EPL,2025-2026,Brighton,Man City,2,1,H,home,1,989.8414787991094,999.8834701926299,-10.041991393520561,1064.8414787991094,64.95800860647944
2025-08-31,EPL,2025-2026,Nott'm Forest,West Ham,0,3,A,away,0,1009.8414787991094,980.1585212008906,29.682957598218763,1084.8414787991094,104.68295759821876
2025-08-31,EPL,2025-2026,Aston Villa,Crystal Palace,0,3,A,away,0,989.8414787991094,1000.1585212008906,-10.317042401781237,1064.8414787991094,64.68295759821876
2025-09-12,CL,2025-2026,Ipswich,Sheffield United,5,0,H,home,1,990.0585593931736,962.3195103030656,27.739049090107983,1065.0585593931737,102.7390490901081
2025-09-13,CL,2025-2026,Coventry,Norwich,1,1,D,draw,0,1018.0670344684233,1001.3062108157375,16.760823652685872,1093.0670344684233,91.76082365268587
2025-09-13,EPL,2025-2026,Brentford,Chelsea,2,2,D,draw,0,992.2679139450381,1017.4364262745273,-25.168512329489204,1067.2679139450381,49.831487670510796
2025-09-13,CL,2025-2026,Oxford,Leicester,2,2,D,draw,0,972.4133367987486,1020.2508390620408,-47.83750226329221,1047.4133367987486,27.16249773670779
2025-09-13,CL,2025-2026,Wrexham,QPR,1,3,A,away,0,991.3269388920539,990.8052649723234,0.5216739197305742,1066.326938892054,75.52167391973057
2025-09-13,CL,2025-2026,Swansea,Hull,2,2,D,draw,0,1009.469580106218,989.2130941931749,20.256485913043093,1084.469580106218,95.2564859130431
2025-09-13,CL,2025-2026,Stoke,Birmingham,1,0,H,home,1,1018.8990056404781,1008.9194131731973,9.979592467280781,1093.8990056404782,84.9795924672809
2025-09-13,CL,2025-2026,Sheffield Weds,Bristol City,0,3,A,away,0,970.8581540636778,1018.6591238097544,-47.80096974607659,1045.8581540636778,27.19903025392341
2025-09-13,CL,2025-2026,Preston,Middlesbrough,2,2,D,draw,0,1009.4489457668245,1037.9221391283659,-28.473193361541348,1084.4489457668246,46.526806638458766
2025-09-13,EPL,2025-2026,Fulham,Leeds,1,0,H,home,1,992.0169982343208,997.7188417210762,-5.701843486755365,1067.016998234321,69.29815651324475
2025-09-13,EPL,2025-2026,West Ham,Tottenham,0,3,A,away,0,993.0835558000903,1007.4421464721014,-14.358590672011132,1068.0835558000904,60.64140932798898
2025-09-13,EPL,2025-2026,Arsenal,Nott'm Forest,3,0,H,home,1,1012.0080726443703,996.9164441999097,15.091628444460525,1087.0080726443703,90.09162844446053
2025-09-13,EPL,2025-2026,Bournemouth,Brighton,2,1,H,home,1,1012.5578535278986,997.9933214885051,14.564532039393498,1087.5578535278987,89.56453203939361
2025-09-13,EPL,2025-2026,Crystal Palace,Sunderland,0,0,D,draw,0,1011.9990311961149,1007.4539034149454,4.545127781169413,1086.9990311961149,79.54512778116941
2025-09-13,EPL,2025-2026,Everton,Aston Villa,0,0,D,draw,0,1011.7272774045136,978.0009688038851,33.7263086006285,1086.7272774045136,108.7263086006285
2025-09-13,CL,2025-2026,Watford,Blackburn,0,1,A,away,0,1000.0333164985942,980.8419146561956,19.19140184239859,1075.033316498594,94.19140184239848
2025-09-13,EPL,2025-2026,Newcastle,Wolves,1,0,H,home,1,992.5562092871845,968.5477736037471,24.00843568343737,1067.5562092871846,99.00843568343748
2025-09-13,CL,2025-2026,Charlton,Millwall,1,1,D,draw,0,989.4146108193355,998.4439556859925,-9.02934486665697,1064.4146108193354,65.97065513334292
2025-09-13,CL,2025-2026,West Brom,Derby,0,1,A,away,0,1029.4106361118722,981.3615159097129,48.049120202159315,1104.4106361118722,123.04912020215932
2025-09-14,EPL,2025-2026,Burnley,Liverpool,0,1,A,away,0,992.2846760594118,1027.716876347369,-35.43220028795713,1067.2846760594118,39.56779971204287
2025-09-14,EPL,2025-2026,Man City,Man United,3,0,H,home,1,991.7316275032342,998.5400820717565,-6.808454568522279,1066.7316275032342,68.19154543147772
2025-09-14,CL,2025-2026,Southampton,Portsmouth,0,0,D,draw,0,1000.2278234661973,1010.3290762648418,-10.10125279864451,1075.2278234661972,64.89874720135538
2025-09-19,CL,2025-2026,Middlesbrough,West Brom,2,1,H,home,1,1039.2533402012552,1016.0100054757427,23.243334725512568,1114.2533402012552,98.24333472551257
2025-09-20,EPL,2025-2026,Fulham,Brentford,3,1,H,home,1,1000.0484724392858,990.8434030216723,9.205069417613458,1075.048472439286,84.20506941761357
2025-09-20,EPL,2025-2026,Wolves,Leeds,1,3,A,away,0,961.322752689259,989.6873675161112,-28.364614826852176,1036.322752689259,46.635385173147824
2025-09-20,EPL,2025-2026,Liverpool,Everton,2,1,H,home,1,1038.850830993229,1008.696188626886,30.154642366342955,1113.850830993229,105.15464236634296
2025-09-20,EPL,2025-2026,Brighton,Tottenham,2,2,D,draw,0,990.5155704278125,1019.1700358053939,-28.65446537758146,1065.5155704278125,46.34553462241854
2025-09-20,EPL,2025-2026,Burnley,Nott'm Forest,1,1,D,draw,0,981.1507214135519,989.4528936055792,-8.302172192027342,1056.1507214135518,66.69782780797254
2025-09-20,EPL,2025-2026,West Ham,Crystal Palace,1,2,A,away,0,981.3556664667977,1009.7487204205091,-28.393053953711387,1056.3556664667976,46.6069460462885
2025-09-20,CL,2025-2026,Sheffield United,Charlton,0,1,A,away,0,955.1932983856941,987.5383179804595,-32.345019594765404,1030.193298385694,42.654980405234596
2025-09-20,EPL,2025-2026,Man United,Chelsea,2,1,H,home,1,990.4779721842448,1018.8609371978931,-28.382965013648345,1065.4779721842447,46.61703498635154
2025-09-20,CL,2025-2026,Norwich,Wrexham,2,3,A,away,0,1003.8875575623671,979.1868505223299,24.700707040037173,1078.887557562367,99.70070704003706
2025-09-20,CL,2025-2026,Hull,Southampton,3,1,H,home,1,991.8881035547256,998.3813136271863,-6.49321007246067,1066.8881035547256,68.50678992753933
2025-09-20,CL,2025-2026,Derby,Preston,0,1,A,away,0,994.7621465458425,1008.117744693935,-13.355598148092554,1069.7621465458424,61.64440185190733
2025-09-20,CL,2025-2026,QPR,Stoke,1,0,H,home,1,1002.9453533420474,1026.5007320435952,-23.555378701547852,1077.9453533420474,51.44462129845215
2025-09-20,CL,2025-2026,Leicester,Coventry,0,0,D,draw,0,1021.031049662704,1015.4856877217937,5.545361940910311,1096.031049662704,80.5453619409102
2025-09-20,CL,2025-2026,Portsmouth,Sheffield Weds,0,2,A,away,0,1012.1755861038528,960.076898381945,52.09868772190771,1087.1755861038528,127.09868772190771
2025-09-20,CL,2025-2026,Birmingham,Swansea,1,0,H,home,1,1001.3176867700802,1006.7945707446673,-5.476883974587167,1076.3176867700802,69.52311602541283
2025-09-21,EPL,2025-2026,Arsenal,Man City,1,1,D,draw,0,1019.4716232387008,999.793737390746,19.677885847954826,1094.4716232387009,94.67788584795494
2025-09-21,CL,2025-2026,Bristol City,Oxford,1,3,A,away,0,1029.4403794914872,971.6331261980853,57.807253293401914,1104.4403794914872,132.8072532934019
2025-09-21,EPL,2025-2026,Bournemouth,Newcastle,0,0,D,draw,0,1020.0356045885912,999.7812302016727,20.254374386918585,1095.0356045885912,95.25437438691858
2025-09-21,EPL,2025-2026,Sunderland,Aston Villa,1,1,D,draw,0,1009.7042141905512,981.0320575815127,28.67215660903844,1084.7042141905513,103.67215660903855
2025-09-22,CL,2025-2026,Millwall,Watford,1,0,H,home,1,1000.3202485248685,987.3867923766669,12.933456148201572,1075.3202485248685,87.93345614820157
2025-09-26,CL,2025-2026,West Brom,Leicester,1,1,D,draw,0,1008.7646465480539,1018.7534254525219,-9.988778904468063,1083.7646465480539,65.01122109553194
2025-09-27,CL,2025-2026,Watford,Hull,2,1,H,home,1,979.8650299787357,999.9414822604863,-20.076452281750562,1054.8650299787357,54.92354771824944
2025-09-27,CL,2025-2026,Sheffield Weds,QPR,1,1,D,draw,0,973.580194499487,1011.4753852588714,-37.89519075938438,1048.5801944994869,37.10480924061551
2025-09-27,CL,2025-2026,Southampton,Middlesbrough,1,1,D,draw,0,990.3279349214256,1046.498699128944,-56.17076420751846,1065.3279349214256,18.82923579248154
2025-09-27,CL,2025-2026,Charlton,Blackburn,3,0,H,home,1,998.7598956750054,993.4884387781229,5.271456896882455,1073.7598956750053,80.27145689688234
2025-09-27,CL,2025-2026,Ipswich,Portsmouth,2,1,H,home,1,997.1847713105451,998.6722899863108,-1.4875186757657275,1072.184771310545,73.51248132423427
2025-09-27,CL,2025-2026,Oxford,Sheffield United,0,1,A,away,0,985.2797248997799,943.9717206911482,41.3080042086317,1060.27972489978,116.3080042086317
2025-09-27,CL,2025-2026,Preston,Bristol City,0,0,D,draw,0,1019.8736265350597,1015.7937807897925,4.079845745267107,1094.8736265350597,79.07984574526711
2025-09-27,EPL,2025-2026,Chelsea,Brighton,1,3,A,away,0,1010.1946891421521,989.1894946806098,21.005194461542374,1085.1946891421521,96.00519446154237
2025-09-27,CL,2025-2026,Stoke,Norwich,1,1,D,draw,0,1017.9707001267712,991.0941978324645,26.87650229430676,1092.9707001267711,101.87650229430665
2025-09-27,EPL,2025-2026,Tottenham,Wolves,1,1,D,draw,0,1020.4961115525966,949.9884819832454,70.50762956935125,1095.4961115525966,145.50762956935125
2025-09-27,EPL,2025-2026,Nott'm Forest,Sunderland,0,1,A,away,0,991.3493713750726,1006.8058062030007,-15.456434827928092,1066.3493713750727,59.54356517207202
2025-09-27,EPL,2025-2026,Man City,Burnley,5,1,H,home,1,1002.4532780937092,979.2542436440585,23.19903444965064,1077.4532780937093,98.19903444965075
2025-09-27,CL,2025-2026,Wrexham,Derby,1,1,D,draw,0,991.9802102522326,983.0062647047179,8.973945547514745,1066.9802102522326,83.97394554751475
2025-09-27,CL,2025-2026,Coventry,Birmingham,3,0,H,home,1,1017.7633119319759,1009.3429378205868,8.420374111389037,1092.7633119319757,83.42037411138892
2025-09-27,EPL,2025-2026,Crystal Palace,Liverpool,2,1,H,home,1,1021.0821871462332,1045.9133867051326,-24.831199558899357,1096.082187146233,50.16880044110053
2025-09-27,EPL,2025-2026,Brentford,Man United,3,1,H,home,1,983.2206550542267,999.1442202399858,-15.923565185759117,1058.2206550542267,59.07643481424088
2025-09-27,EPL,2025-2026,Leeds,Bournemouth,2,2,D,draw,0,1001.0216382221248,1017.3606516529061,-16.33901343078128,1076.0216382221247,58.66098656921861
2025-09-27,CL,2025-2026,Swansea,Millwall,1,1,D,draw,0,998.7693196941607,1007.8420109227997,-9.072691228638973,1073.7693196941607,65.92730877136103
2025-09-28,EPL,2025-2026,Aston Villa,Fulham,3,1,H,home,1,983.9304655690632,1007.6712204067314,-23.74075483766819,1058.9304655690632,51.25924516233181
2025-09-28,EPL,2025-2026,Newcastle,Arsenal,1,2,A,away,0,1002.4561831373578,1016.8120825357375,-14.355899398379734,1077.4561831373578,60.644100601620266
2025-09-29,EPL,2025-2026,Everton,West Ham,1,1,D,draw,0,1001.6336329149825,970.0221997410737,31.611433173908836,1076.6336329149826,106.61143317390895
2025-09-30,CL,2025-2026,Hull,Preston,2,2,D,draw,0,991.5092709947005,1017.6360333260004,-26.126762331299915,1066.5092709947005,48.873237668700085
2025-09-30,CL,2025-2026,Derby,Charlton,1,1,D,draw,0,985.3772394078634,1006.4897474580358,-21.112508050172437,1060.3772394078633,53.88749194982745
2025-09-30,CL,2025-2026,Sheffield United,Southampton,1,2,A,away,0,957.1996461642627,989.7865159119493,-32.58686974768659,1032.1996461642627,42.41313025231341
2025-09-30,CL,2025-2026,Middlesbrough,Stoke,0,0,D,draw,0,1047.0401181384202,1015.119704048628,31.92041408979219,1122.0401181384202,106.92041408979219
2025-09-30,CL,2025-2026,Leicester,Wrexham,1,1,D,draw,0,1020.6030619858889,989.6092355490871,30.993826436801783,1095.6030619858889,105.99382643680178
2025-09-30,CL,2025-2026,Blackburn,Swansea,1,2,A,away,0,985.7585869950925,996.8942305702966,-11.135643575204085,1060.7585869950926,63.86435642479603
2025-09-30,CL,2025-2026,Birmingham,Sheffield Weds,2,2,D,draw,0,1001.6988694676506,972.5162739943228,29.182595473327865,1076.6988694676506,104.18259547332786
2025-09-30,CL,2025-2026,Bristol City,Ipswich,1,1,D,draw,0,1018.0313739988518,1005.0999313463599,12.93144265249191,1093.031373998852,87.93144265249202
2025-10-01,CL,2025-2026,Norwich,West Brom,0,1,A,away,0,993.9451939106077,1006.9150100146869,-12.9698161040792,1068.9451939106077,62.0301838959208
2025-10-01,CL,2025-2026,QPR,Oxford,0,0,D,draw,0,1012.5393057640356,972.0517994266654,40.48750633737018,1087.5393057640356,115.48750633737018
2025-10-01,CL,2025-2026,Portsmouth,Watford,2,2,D,draw,0,990.757129950496,988.2972412445215,2.4598887059745493,1065.7571299504962,77.45988870597466
2025-10-01,CL,2025-2026,Millwall,Coventry,0,4,A,away,0,1009.7171000466637,1025.407380284912,-15.690280238248306,1084.7171000466637,59.309719761751694
2025-10-03,EPL,2025-2026,Bournemouth,Fulham,3,1,H,home,1,1019.0331877455225,999.1359678178271,19.897219927695346,1094.0331877455224,94.89721992769523
2025-10-03,CL,2025-2026,Wrexham,Birmingham,1,1,D,draw,0,992.568733688672,998.7870098146312,-6.218276125959278,1067.568733688672,68.78172387404072
2025-10-04,CL,2025-2026,Blackburn,Stoke,1,1,D,draw,0,973.9408499374284,1018.1035164080392,-44.162666470610816,1048.9408499374285,30.837333529389298
2025-10-04,CL,2025-2026,Bristol City,QPR,1,2,A,away,0,1015.5531907906451,1009.3325515657643,6.220639224880756,1090.5531907906452,81.22063922488087
2025-10-04,CL,2025-2026,Sheffield Weds,Coventry,0,5,A,away,0,975.4281336473422,1037.098060404943,-61.66992675760082,1050.4281336473423,13.330073242399294
2025-10-04,EPL,2025-2026,Man United,Sunderland,2,0,H,home,1,990.8283770666005,1018.5030238023098,-27.674646735709302,1065.8283770666005,47.3253532642907
2025-10-04,CL,2025-2026,Millwall,West Brom,3,0,H,home,1,998.0264199266329,1018.6816511129721,-20.655231186339165,1073.026419926633,54.34476881366095
2025-10-04,CL,2025-2026,Hull,Sheffield United,1,0,H,home,1,990.1117916000677,945.9849261829394,44.12686541712833,1065.1117916000676,119.12686541712822
2025-10-04,CL,2025-2026,Derby,Southampton,1,1,D,draw,0,983.8385513083572,1001.0012358932727,-17.162684584915496,1058.8385513083572,57.837315415084504
2025-10-04,EPL,2025-2026,Chelsea,Liverpool,2,1,H,home,1,997.4996837908174,1037.3474079413847,-39.84772415056739,1072.4996837908175,35.152275849432726
2025-10-04,EPL,2025-2026,Arsenal,West Ham,2,0,H,home,1,1028.540047017332,972.9979085390856,55.54213847824633,1103.540047017332,130.54213847824633
2025-10-04,CL,2025-2026,Preston,Charlton,2,0,H,home,1,1019.0335127206332,1008.028435557542,11.005077163091187,1094.033512720633,86.00507716309107
2025-10-04,CL,2025-2026,Swansea,Leicester,1,3,A,away,0,1008.7119676279607,1017.643563846304,-8.931596218343316,1083.7119676279608,66.0684037816568
2025-10-04,CL,2025-2026,Watford,Oxford,2,1,H,home,1,990.4904968928101,975.2585536249367,15.231943267873476,1065.4904968928101,90.23194326787348
2025-10-04,EPL,2025-2026,Leeds,Tottenham,1,2,A,away,0,999.3491021295084,1016.5368824129027,-17.187780283394318,1074.3491021295085,57.812219716605796
2025-10-04,CL,2025-2026,Portsmouth,Middlesbrough,1,0,H,home,1,988.5638743022074,1044.0563057790089,-55.49243147680147,1063.5638743022073,19.507568523198415
2025-10-05,CL,2025-2026,Ipswich,Norwich,3,1,H,home,1,1007.5781145545666,982.1785528123226,25.399561742244032,1082.5781145545666,100.39956174224403
2025-10-05,EPL,2025-2026,Brentford,Man City,0,1,A,away,0,991.5364982276119,1009.6998153747204,-18.1633171471085,1066.536498227612,56.8366828528915
2025-10-05,EPL,2025-2026,Wolves,Brighton,1,1,D,draw,0,953.9477111229393,1001.8845000319445,-47.93678890900526,1028.9477111229394,27.063211090994855
2025-10-05,EPL,2025-2026,Newcastle,Nott'm Forest,2,0,H,home,1,990.7282186557634,979.6521537757634,11.07606487999999,1065.7282186557634,86.07606487999999
2025-10-05,EPL,2025-2026,Everton,Crystal Palace,2,1,H,home,1,998.6579241169705,1029.648165909981,-30.99024179301034,1073.6579241169707,44.00975820698977
2025-10-05,EPL,2025-2026,Aston Villa,Burnley,2,1,H,home,1,992.4657181579676,972.0077063630473,20.458011794920253,1067.4657181579676,95.45801179492025
2025-10-17,CL,2025-2026,Middlesbrough,Ipswich,2,1,H,home,1,1034.6171894600866,1014.7662201266977,19.85096933338889,1109.6171894600866,94.85096933338889
2025-10-18,CL,2025-2026,Coventry,Blackburn,2,0,H,home,1,1047.481542606924,973.0556035099162,74.42593909700781,1122.481542606924,149.4259390970078
2025-10-18,CL,2025-2026,Charlton,Sheffield Weds,2,1,H,home,1,1000.4545075518756,965.0446514453611,35.40985610651455,1075.4545075518756,110.40985610651455
2025-10-18,CL,2025-2026,Birmingham,Hull,2,3,A,away,0,1000.7412433108329,996.811377902624,3.9298654082089115,1075.741243310833,78.92986540820891
2025-10-18,CL,2025-2026,Leicester,Portsmouth,1,1,D,draw,0,1029.52257092791,998.0029906211296,31.519580306780426,1104.52257092791,106.51958030678043
2025-10-18,CL,2025-2026,Oxford,Derby,1,0,H,home,1,967.7987814031806,982.1890682961825,-14.390286893001985,1042.7987814031806,60.609713106998015
2025-10-18,CL,2025-2026,Norwich,Bristol City,0,1,A,away,0,974.9904472401914,1003.2571469737642,-28.26669973357275,1049.9904472401913,46.733300266427136
2025-10-18,CL,2025-2026,Southampton,Swansea,0,0,D,draw,0,1002.6507189054473,996.8329605463546,5.81775835909275,1077.6507189054473,80.81775835909275
2025-10-18,CL,2025-2026,Sheffield United,Watford,1,0,H,home,1,939.285339880383,997.9502691145663,-58.664929234183205,1014.285339880383,16.335070765816795
2025-10-18,EPL,2025-2026,Fulham,Arsenal,0,1,A,away,0,991.8013739532097,1034.9501080047944,-43.14873405158471,1066.8013739532098,31.851265948415403
2025-10-18,CL,2025-2026,West Brom,Preston,2,1,H,home,1,1010.2331864832091,1026.6074407262997,-16.374254243090604,1085.233186483209,58.62574575690928
2025-10-18,CL,2025-2026,QPR,Millwall,1,2,A,away,0,1021.6285953826452,1006.4748845563959,15.15371082624938,1096.6285953826452,90.15371082624938
2025-10-18,EPL,2025-2026,Nott'm Forest,Chelsea,0,3,A,away,0,972.0801486068532,1006.4913582443737,-34.41120963752053,1047.080148606853,40.58879036247936
2025-10-18,EPL,2025-2026,Sunderland,Wolves,2,0,H,home,1,1009.85679465043,953.1703408892741,56.6864537611558,1084.85679465043,131.6864537611558
2025-10-18,EPL,2025-2026,Brighton,Newcastle,2,1,H,home,1,1002.6618702656097,998.3002238246736,4.361646440936056,1077.6618702656097,79.36164644093606
2025-10-18,EPL,2025-2026,Burnley,Leeds,2,0,H,home,1,964.6881002132478,987.7003217853394,-23.012221572091562,1039.6881002132477,51.987778427908324
2025-10-18,EPL,2025-2026,Crystal Palace,Bournemouth,3,3,D,draw,0,1020.9081368780174,1026.36778161014,-5.459644732122456,1095.9081368780176,69.54035526787766
2025-10-18,EPL,2025-2026,Man City,Everton,2,0,H,home,1,1021.3212682310196,1007.397953148934,13.92331508208565,1096.3212682310195,88.92331508208554
2025-10-18,CL,2025-2026,Stoke,Wrexham,1,0,H,home,1,1018.9887628355515,990.6145001924702,28.374262643081238,1093.9887628355514,103.37426264308112
2025-10-19,EPL,2025-2026,Liverpool,Man United,1,2,A,away,0,1028.3557334878283,999.4746062184804,28.88112726934787,1103.3557334878283,103.88112726934787
2025-10-19,EPL,2025-2026,Tottenham,Aston Villa,1,2,A,away,0,1028.185662757072,999.785324307767,28.400338449304854,1103.185662757072,103.40033844930485
2025-10-20,EPL,2025-2026,West Ham,Brentford,0,2,A,away,0,966.5878475516231,979.9150453713127,-13.327197819689559,1041.587847551623,61.67280218031044
2025-10-21,CL,2025-2026,Millwall,Stoke,2,0,H,home,1,1019.013005800933,1026.0982105874473,-7.085204786514282,1094.0130058009331,67.91479521348583
2025-10-21,CL,2025-2026,Portsmouth,Coventry,1,2,A,away,0,1000.9762895904322,1053.4276407065972,-52.45135111616503,1075.9762895904323,22.548648883835085
2025-10-21,CL,2025-2026,Hull,Leicester,2,1,H,home,1,1009.0448700683107,1026.5492719586073,-17.50440189029655,1084.0448700683107,57.49559810970345
2025-10-21,CL,2025-2026,Derby,Norwich,1,0,H,home,1,973.9160725623128,963.6534085876181,10.26266397469476,1048.9160725623128,85.26266397469476
2025-10-21,CL,2025-2026,Preston,Birmingham,0,1,A,away,0,1018.278990864213,988.5077511451462,29.771239719066784,1093.278990864213,104.77123971906678
2025-10-21,CL,2025-2026,Bristol City,Southampton,3,1,H,home,1,1014.5941856263375,1000.3656625407804,14.228523085557185,1089.5941856263375,89.22852308555719
2025-10-21,CL,2025-2026,Ipswich,Charlton,0,3,A,away,0,1007.4303895926707,1007.3794791929582,0.05091039971250666,1082.4303895926707,75.0509103997125
2025-10-21,CL,2025-2026,Blackburn,Sheffield United,1,3,A,away,0,967.109505410243,948.8155248765853,18.293980533657646,1042.109505410243,93.29398053365765
2025-10-22,CL,2025-2026,Sheffield Weds,Middlesbrough,0,1,A,away,0,958.1196798042785,1041.9530199941137,-83.83334018983521,1033.1196798042783,-8.833340189835326
2025-10-22,CL,2025-2026,Wrexham,Oxford,1,0,H,home,1,983.5050524405744,976.0717771370503,7.433275303524169,1058.5050524405744,82.43327530352417
2025-10-22,CL,2025-2026,Swansea,QPR,0,1,A,away,0,999.1180169110215,1009.0904741381081,-9.97245722708658,1074.1180169110216,65.02754277291353
2025-10-22,CL,2025-2026,Watford,West Brom,2,1,H,home,1,988.420084118364,1018.5616363452958,-30.14155222693182,1063.420084118364,44.85844777306818
2025-10-24,CL,2025-2026,Preston,Sheffield United,3,2,H,home,1,1005.3516328745222,961.4380119055076,43.91362096901469,1080.3516328745222,118.91362096901469
2025-10-24,EPL,2025-2026,Leeds,West Ham,2,1,H,home,1,979.1855818550356,954.8311734969794,24.354408358056162,1054.1855818550357,99.35440835805628
2025-10-25,CL,2025-2026,Swansea,Norwich,2,1,H,home,1,987.2679266777135,956.0593595172074,31.20856716050605,1062.2679266777136,106.20856716050616
2025-10-25,CL,2025-2026,Sheffield Weds,Oxford,1,2,A,away,0,948.3738690053734,968.4008568230812,-20.026987817707777,1023.3738690053734,54.97301218229222
2025-10-25,CL,2025-2026,Millwall,Leicester,1,0,H,home,1,1027.0827832437265,1018.1891856081216,8.893597635604806,1102.0827832437265,83.8935976356048
2025-10-25,CL,2025-2026,Middlesbrough,Wrexham,1,1,D,draw,0,1051.6988307930187,991.1759727545435,60.52285803847519,1126.6988307930187,135.5228580384752
2025-10-25,CL,2025-2026,Derby,QPR,1,0,H,home,1,981.5101216327234,1020.9405643714161,-39.430442738692705,1056.5101216327234,35.569557261307295
2025-10-25,CL,2025-2026,Portsmouth,Stoke,0,1,A,away,0,990.3281969807764,1018.0284331446538,-27.700236163877435,1065.3281969807763,47.29976383612245
2025-10-25,CL,2025-2026,Blackburn,Southampton,2,1,H,home,1,954.4870183813207,992.8788534094476,-38.391835028126934,1029.4870183813207,36.608164971873066
2025-10-25,CL,2025-2026,Bristol City,Birmingham,1,0,H,home,1,1022.0809947576703,1001.435109134837,20.645885622833248,1097.0809947576704,95.64588562283336
2025-10-25,CL,2025-2026,Ipswich,West Brom,1,0,H,home,1,995.3032340568925,1009.8456393292038,-14.542405272311271,1070.3032340568925,60.45759472768873
2025-10-25,CL,2025-2026,Coventry,Watford,3,1,H,home,1,1064.075733316253,997.136081134456,66.93965218179699,1139.075733316253,141.939652181797
2025-10-25,EPL,2025-2026,Brentford,Liverpool,3,2,H,home,1,991.6717194259563,1015.4518170797382,-23.780097653781922,1066.6717194259563,51.21990234621808
2025-10-25,EPL,2025-2026,Man United,Brighton,4,2,H,home,1,1012.3785226265704,1010.4165736775363,1.9619489490340811,1087.3785226265704,76.96194894903408
2025-10-25,EPL,2025-2026,Newcastle,Fulham,2,1,H,home,1,990.5455204127469,980.8871804636404,9.658339949106448,1065.545520412747,84.65833994910656
2025-10-25,EPL,2025-2026,Chelsea,Sunderland,1,2,A,away,0,1017.6543117497499,1016.2381982698515,1.4161134798983994,1092.65431174975,76.4161134798984
2025-10-25,CL,2025-2026,Hull,Charlton,1,1,D,draw,0,1017.4049564187964,1019.5066347287365,-2.101678309940098,1092.4049564187962,72.89832169005979
2025-10-26,EPL,2025-2026,Aston Villa,Man City,1,0,H,home,1,1012.6765643546727,1028.8163089238985,-16.139744569225854,1087.6765643546728,58.86025543077426
2025-10-26,EPL,2025-2026,Everton,Tottenham,0,3,A,away,0,999.9029124560551,1015.2944227101663,-15.391510254111154,1074.9029124560552,59.60848974588896
2025-10-26,EPL,2025-2026,Arsenal,Crystal Palace,1,0,H,home,1,1045.8643014943636,1018.9329110973199,26.931390397043742,1120.8643014943636,101.93139039704374
2025-10-26,EPL,2025-2026,Bournemouth,Nott'm Forest,2,0,H,home,1,1028.3430073908376,960.917195101477,67.42581228936058,1103.3430073908376,142.42581228936058
2025-10-26,EPL,2025-2026,Wolves,Burnley,2,3,A,away,0,946.7889372698526,973.2028401435516,-26.413902873699044,1021.7889372698526,48.586097126300956
2025-10-31,CL,2025-2026,Wrexham,Coventry,3,2,H,home,1,994.8901452139954,1070.2034513902172,-75.31330617622177,1069.8901452139953,-0.31330617622188583
2025-11-01,CL,2025-2026,Charlton,Swansea,1,1,D,draw,0,1021.574559879781,994.3027901829927,27.271769696788283,1096.574559879781,102.27176969678828
2025-11-01,EPL,2025-2026,Liverpool,Aston Villa,2,0,H,home,1,1006.9154563901698,1020.9984538198178,-14.082997429648003,1081.9154563901698,60.917002570352
2025-11-01,CL,2025-2026,Watford,Middlesbrough,3,0,H,home,1,991.0083630604919,1047.9846583335668,-56.976295273074925,1066.0083630604918,18.02370472692496
2025-11-01,EPL,2025-2026,Tottenham,Chelsea,0,1,A,away,0,1026.9934551031445,1005.4896719921874,21.5037831109571,1101.9934551031445,96.5037831109571
2025-11-01,CL,2025-2026,Leicester,Blackburn,0,2,A,away,0,1010.5579775960509,963.4372327832405,47.12074481281047,1085.557977596051,122.12074481281047
2025-11-01,CL,2025-2026,Birmingham,Portsmouth,4,0,H,home,1,994.1205212022686,978.9751491645891,15.145372037679522,1069.1205212022687,90.14537203767964
2025-11-01,CL,2025-2026,Norwich,Hull,0,2,A,away,0,949.0244960119282,1015.3370312677519,-66.3125352558236,1024.0244960119282,8.687464744176395
2025-11-01,CL,2025-2026,West Brom,Sheffield Weds,0,0,D,draw,0,1001.5683955407634,936.8046915944859,64.76370394627747,1076.5683955407635,139.7637039462776
2025-11-01,CL,2025-2026,Oxford,Millwall,2,2,D,draw,0,979.9700342339687,1034.713991255797,-54.74395702182835,1054.9700342339688,20.256042978171763
2025-11-01,EPL,2025-2026,Fulham,Wolves,3,0,H,home,1,973.2767375655075,935.399561975727,37.87717558978045,1048.2767375655076,112.87717558978056
2025-11-01,CL,2025-2026,Southampton,Preston,0,2,A,away,0,983.9286390075279,1012.056689393374,-28.12805038584611,1058.9286390075279,46.87194961415389
2025-11-01,CL,2025-2026,Stoke,Bristol City,5,1,H,home,1,1029.3814809608411,1029.3955826902386,-0.0141017293974528,1104.3814809608411,74.98589827060255
2025-11-01,CL,2025-2026,Sheffield United,Derby,1,3,A,away,0,954.7329553866558,990.4899093184586,-35.75695393180274,1029.7329553866557,39.243046068197145
2025-11-01,EPL,2025-2026,Burnley,Arsenal,0,2,A,away,0,984.5922154376772,1053.0118540845133,-68.41963864683612,1059.5922154376772,6.58036135316388
2025-11-01,EPL,2025-2026,Nott'm Forest,Man United,2,2,D,draw,0,954.8013652292225,1020.1989137013813,-65.39754847215886,1029.8013652292225,9.60245152784114
2025-11-01,EPL,2025-2026,Crystal Palace,Brentford,2,0,H,home,1,1011.7853585071704,1000.2080801155248,11.577278391645564,1086.7853585071703,86.57727839164545
2025-11-01,EPL,2025-2026,Brighton,Leeds,3,0,H,home,1,1002.5961826027254,986.401414226106,16.194768376619436,1077.5961826027255,91.19476837661955
2025-11-01,CL,2025-2026,QPR,Ipswich,1,4,A,away,0,1011.960776685681,1003.5804778453329,8.380298840348132,1086.9607766856811,83.38029884034825
2025-11-02,EPL,2025-2026,West Ham,Newcastle,3,1,H,home,1,947.615341125909,998.1559633108799,-50.54062218497086,1022.615341125909,24.459377815029143
2025-11-02,EPL,2025-2026,Man City,Bournemouth,3,1,H,home,1,1020.4944194587534,1034.458837263092,-13.964417804338495,1095.4944194587533,61.03558219566139
2025-11-03,EPL,2025-2026,Sunderland,Everton,1,1,D,draw,0,1028.4028380274142,988.2038800630769,40.198957964337296,1103.4028380274142,115.1989579643373
2025-11-04,CL,2025-2026,Oxford,Stoke,0,3,A,away,0,979.387678125781,1037.2561120277867,-57.86843390200568,1054.387678125781,17.13156609799421
2025-11-04,CL,2025-2026,Leicester,Middlesbrough,1,1,D,draw,0,997.1809991179208,1038.5029573978538,-41.32195827993303,1072.1809991179207,33.67804172006686
2025-11-04,CL,2025-2026,Coventry,Sheffield United,3,1,H,home,1,1060.194433716025,943.6082286866761,116.586205029349,1135.194433716025,191.586205029349
2025-11-04,CL,2025-2026,Derby,Hull,2,1,H,home,1,1001.6146360184383,1025.5870245043063,-23.97238848586801,1076.6146360184384,51.027611514132104
2025-11-04,CL,2025-2026,Charlton,West Brom,1,0,H,home,1,1018.713115204126,997.7494802432058,20.963634960920217,1093.713115204126,95.96363496092033
2025-11-04,CL,2025-2026,Bristol City,Blackburn,0,1,A,away,0,1021.5209516232932,976.8142112613706,44.706740361922584,1096.520951623293,119.70674036192247
2025-11-04,CL,2025-2026,Birmingham,Millwall,4,0,H,home,1,1001.5826245071646,1035.2963473639848,-33.71372285682014,1076.5826245071646,41.28627714317986
2025-11-04,CL,2025-2026,Ipswich,Watford,1,1,D,draw,0,1015.9353200255246,1000.4900639962049,15.445256029319694,1090.9353200255246,90.4452560293197
2025-11-05,CL,2025-2026,Preston,Swansea,2,1,H,home,1,1023.3976471459157,997.1642348586477,26.233412287268038,1098.3976471459157,101.23341228726804
2025-11-05,CL,2025-2026,QPR,Southampton,1,2,A,away,0,999.6059345054894,972.5876812549861,27.01825325050322,1074.6059345054894,102.01825325050322
2025-11-05,CL,2025-2026,Portsmouth,Wrexham,0,0,D,draw,0,971.5130458596931,1004.8991628881874,-33.38611702849437,1046.5130458596932,41.613882971505745
2025-11-05,CL,2025-2026,Sheffield Weds,Norwich,1,1,D,draw,0,940.6236068920435,938.7745027753738,1.8491041166697642,1015.6236068920435,76.84910411666976
2025-11-07,CL,2025-2026,Watford,Bristol City,1,1,D,draw,0,1003.0360343371962,1008.2056739970674,-5.169639659871223,1078.0360343371963,69.83036034012889
2025-11-08,CL,2025-2026,Millwall,Preston,1,1,D,draw,0,1026.479099993286,1030.5636651502734,-4.084565156987537,1101.479099993286,70.91543484301246
2025-11-08,CL,2025-2026,Sheffield United,QPR,0,0,D,draw,0,938.6241363769335,986.7511905662411,-48.127054189307614,1013.6241363769335,26.872945810692386
2025-11-08,CL,2025-2026,Middlesbrough,Birmingham,2,1,H,home,1,1039.469264763284,1010.3998718778635,29.069392885420484,1114.469264763284,104.06939288542048
2025-11-08,CL,2025-2026,Norwich,Leicester,1,2,A,away,0,940.9510178457953,996.2146917524906,-55.26367390669532,1015.9510178457953,19.736326093304683
2025-11-08,CL,2025-2026,Blackburn,Derby,1,2,A,away,0,990.1294888875964,1010.1564131573812,-20.026924269784786,1065.1294888875964,54.973075730215214
2025-11-08,CL,2025-2026,Stoke,Coventry,0,1,A,away,0,1047.7487989051633,1065.1785260257675,-17.429727120604184,1122.7487989051633,57.570272879395816
2025-11-08,CL,2025-2026,Hull,Portsmouth,3,2,H,home,1,1017.0452473653635,970.3209969223938,46.72425044296972,1092.0452473653636,121.72425044296983
2025-11-08,CL,2025-2026,Southampton,Sheffield Weds,3,1,H,home,1,985.4424251942344,938.447091821622,46.99533337261232,1060.4424251942344,121.99533337261232
2025-11-08,CL,2025-2026,Wrexham,Charlton,1,0,H,home,1,1006.0912118254868,1026.0192191880358,-19.92800736254901,1081.0912118254869,55.0719926374511
2025-11-08,EPL,2025-2026,West Ham,Burnley,3,2,H,home,1,956.9125043736886,974.4028400566573,-17.490335682968635,1031.9125043736885,57.50966431703125
2025-11-08,EPL,2025-2026,Tottenham,Man United,2,2,D,draw,0,1014.2851466580628,1020.4752241223022,-6.19007746423938,1089.2851466580628,68.80992253576062
2025-11-08,CL,2025-2026,West Brom,Oxford,2,1,H,home,1,990.443376259296,968.8949912484044,21.548385010891593,1065.443376259296,96.5483850108916
2025-11-08,EPL,2025-2026,Chelsea,Wolves,3,0,H,home,1,1018.197980437269,928.5387492618028,89.65923117546629,1093.197980437269,164.6592311754663
2025-11-08,EPL,2025-2026,Sunderland,Arsenal,2,2,D,draw,0,1025.203536867118,1063.2012294655333,-37.99769259841537,1100.203536867118,37.00230740158463
2025-11-08,CL,2025-2026,Swansea,Ipswich,1,4,A,away,0,989.9982168542899,1013.3893496845333,-23.39113283024335,1064.99821685429,51.60886716975665
2025-11-08,EPL,2025-2026,Everton,Fulham,2,0,H,home,1,991.4031812233732,980.1375502794317,11.26563094394146,1066.4031812233732,86.26563094394146
2025-11-09,EPL,2025-2026,Man City,Liverpool,3,0,H,home,1,1028.7555258029531,1015.1798727261485,13.575653076804656,1103.7555258029531,88.57565307680466
2025-11-09,EPL,2025-2026,Nott'm Forest,Leeds,3,1,H,home,1,954.5250548083017,978.9675478261098,-24.442493017808147,1029.5250548083018,50.55750698219197
2025-11-09,EPL,2025-2026,Crystal Palace,Brighton,0,0,D,draw,0,1019.3437927949943,1010.0300490027216,9.313743792272703,1094.3437927949944,84.31374379227282
2025-11-09,EPL,2025-2026,Aston Villa,Bournemouth,4,0,H,home,1,1012.7340374838391,1026.1977309188921,-13.463693435053074,1087.734037483839,61.536306564946926
2025-11-09,EPL,2025-2026,Brentford,Newcastle,3,1,H,home,1,992.6496458277009,988.8588000631003,3.79084576460059,1067.6496458277009,78.79084576460059
2025-11-21,CL,2025-2026,Preston,Blackburn,1,2,A,away,0,1032.5768948532045,978.5603096926898,54.01658516051475,1107.5768948532045,129.01658516051475
2025-11-22,CL,2025-2026,Oxford,Middlesbrough,1,1,D,draw,0,961.6044892360749,1046.5603873623588,-84.95589812628396,1036.6044892360749,-9.955898126283955
2025-11-22,CL,2025-2026,Leicester,Stoke,2,1,H,home,1,1006.7821386491985,1036.1067938185793,-29.324655169380776,1081.7821386491985,45.675344830619224
2025-11-22,EPL,2025-2026,Liverpool,Nott'm Forest,0,3,A,away,0,1007.6754510591247,963.0800775301051,44.59537352901964,1082.6754510591247,119.59537352901964
2025-11-22,CL,2025-2026,QPR,Hull,3,2,H,home,1,987.5231173871175,1023.6783833806002,-36.15526599348266,1062.5231173871175,38.84473400651734
2025-11-22,CL,2025-2026,Derby,Watford,2,3,A,away,0,1021.7255923522878,1001.052788523966,20.672803828321776,1096.7255923522878,95.67280382832178
2025-11-22,CL,2025-2026,Ipswich,Wrexham,0,0,D,draw,0,1024.8639426727254,1014.519255801021,10.344686871704425,1099.8639426727254,85.34468687170443
2025-11-22,CL,2025-2026,Charlton,Southampton,1,5,A,away,0,1017.5911752125015,992.0686450954698,25.522530117031692,1092.5911752125016,100.5225301170318
2025-11-22,CL,2025-2026,Portsmouth,Millwall,3,1,H,home,1,963.6878609071571,1024.4658702903548,-60.77800938319774,1038.687860907157,14.221990616802259
2025-11-22,EPL,2025-2026,Burnley,Chelsea,0,2,A,away,0,966.0431476736333,1023.7843095997478,-57.7411619261145,1041.0431476736333,17.2588380738855
2025-11-22,EPL,2025-2026,Newcastle,Man City,2,1,H,home,1,981.0884901869072,1036.2599474699769,-55.171457283069685,1056.0884901869072,19.828542716930315
2025-11-22,EPL,2025-2026,Wolves,Crystal Palace,0,2,A,away,0,922.9524200993241,1016.9635898498826,-94.01116975055857,997.9524200993241,-19.011169750558565
2025-11-22,EPL,2025-2026,Fulham,Sunderland,1,0,H,home,1,972.570678931114,1024.142533298949,-51.571854367835044,1047.570678931114,23.428145632164842
2025-11-22,CL,2025-2026,Coventry,West Brom,3,2,H,home,1,1076.8205311123515,997.7338782716255,79.08665284072606,1151.8205311123515,154.08665284072606
2025-11-22,EPL,2025-2026,Brighton,Brentford,2,1,H,home,1,1012.4102519478333,1000.419955703894,11.990296243939383,1087.4102519478333,86.99029624393938
2025-11-22,EPL,2025-2026,Bournemouth,West Ham,2,2,D,draw,0,1017.9505972859877,965.2721967567127,52.678400529274995,1092.9505972859877,127.678400529275
2025-11-22,CL,2025-2026,Bristol City,Swansea,3,0,H,home,1,1010.1889198102975,978.5236238660979,31.66529594419967,1085.1889198102976,106.66529594419978
2025-11-22,CL,2025-2026,Birmingham,Norwich,4,1,H,home,1,1003.3087492787885,930.3835709490874,72.92517832970111,1078.3087492787886,147.92517832970123
2025-11-23,CL,2025-2026,Sheffield Weds,Sheffield United,0,3,A,away,0,931.8208719203866,937.8522095560571,-6.031337635670525,1006.8208719203866,68.96866236432948
2025-11-23,EPL,2025-2026,Leeds,Aston Villa,1,2,A,away,0,970.4125251043064,1020.9811711167436,-50.56864601243717,1045.4125251043065,24.431353987562943
2025-11-23,EPL,2025-2026,Arsenal,Tottenham,4,1,H,home,1,1064.2622330337022,1012.3301325476214,51.9321004860808,1139.2622330337022,126.9321004860808
2025-11-24,EPL,2025-2026,Man United,Everton,0,1,A,away,0,1022.4302382327436,998.9700525716909,23.46018566105272,1097.4302382327437,98.46018566105283
2025-11-25,CL,2025-2026,Southampton,Leicester,3,0,H,home,1,1004.8837986684346,1015.4750181365557,-10.591219468121153,1079.8837986684346,64.40878053187885
2025-11-25,CL,2025-2026,Norwich,Oxford,1,1,D,draw,0,924.4013131667663,961.8909646117866,-37.489651445020286,999.4013131667663,37.510348554979714
2025-11-25,CL,2025-2026,Stoke,Charlton,3,0,H,home,1,1027.413914331222,1004.7760216395368,22.637892691685238,1102.413914331222,97.63789269168524
2025-11-25,CL,2025-2026,Swansea,Derby,1,2,A,away,0,971.5007456178657,1009.0394614035114,-37.53871578564565,1046.5007456178657,37.46128421435435
2025-11-25,CL,2025-2026,Watford,Preston,1,1,D,draw,0,1013.7389194727424,1019.0252660995584,-5.286346626815998,1088.7389194727425,69.71365337318412
2025-11-25,CL,2025-2026,Hull,Ipswich,0,2,A,away,0,1014.7917893082146,1022.4557677185248,-7.663978410310278,1089.7917893082144,67.33602158968961
2025-11-25,CL,2025-2026,Middlesbrough,Coventry,2,4,A,away,0,1046.2739119866471,1082.6551417960486,-36.381229809401475,1121.2739119866471,38.618770190598525
2025-11-26,CL,2025-2026,Blackburn,QPR,0,1,A,away,0,992.1119384463359,996.4097114595031,-4.297773013167216,1067.111938446336,70.70222698683278
2025-11-26,CL,2025-2026,Wrexham,Bristol City,2,0,H,home,1,1016.9274307552216,1017.2117980585297,-0.28436730330804494,1091.9274307552216,74.71563269669196
2025-11-26,CL,2025-2026,Sheffield United,Portsmouth,3,0,H,home,1,949.8116175462533,973.2787475911842,-23.46713004493097,1024.8116175462533,51.53286995506903
2025-11-26,CL,2025-2026,Millwall,Sheffield Weds,1,0,H,home,1,1014.8749836063276,919.8614639301904,95.01351967613721,1089.8749836063275,170.0135196761371
2025-11-26,CL,2025-2026,West Brom,Birmingham,1,1,D,draw,0,991.8992675879284,1009.2910070611096,-17.391739473181133,1066.8992675879285,57.60826052681898
2025-11-28,CL,2025-2026,Oxford,Ipswich,2,1,H,home,1,962.9664239159445,1034.3699473415616,-71.4035234256171,1037.9664239159445,3.596476574382905
2025-11-29,EPL,2025-2026,Brentford,Burnley,3,1,H,home,1,992.872697127201,955.546806572462,37.32589055473909,1067.872697127201,112.32589055473909
2025-11-29,CL,2025-2026,West Brom,Swansea,3,2,H,home,1,990.2561986273605,960.4266821866258,29.829516440734665,1065.2561986273604,104.82951644073455
2025-11-29,CL,2025-2026,Wrexham,Blackburn,1,1,D,draw,0,1024.8094905308628,980.1045973627818,44.70489316808107,1099.8094905308628,119.70489316808107
2025-11-29,EPL,2025-2026,Man City,Leeds,3,2,H,home,1,1026.83003998812,959.7104909628342,67.11954902528578,1101.83003998812,142.11954902528578
2025-11-29,CL,2025-2026,Norwich,QPR,3,1,H,home,1,923.3258538626084,1008.4170525430573,-85.09119868044888,998.3258538626084,-10.091198680448883
2025-11-29,CL,2025-2026,Millwall,Southampton,3,2,H,home,1,1020.33807312407,1013.0509139083935,7.287159215676525,1095.33807312407,82.28715921567652
2025-11-29,CL,2025-2026,Middlesbrough,Derby,2,1,H,home,1,1035.1669296593484,1020.1135248347513,15.053404824597123,1110.1669296593484,90.05340482459712
2025-11-29,CL,2025-2026,Coventry,Charlton,3,1,H,home,1,1093.7621241233473,997.5145512666032,96.24757285674411,1168.7621241233473,171.2475728567441
2025-11-29,CL,2025-2026,Portsmouth,Bristol City,0,1,A,away,0,964.7512006975503,1009.3297382828886,-44.57853758533827,1039.7512006975503,30.421462414661733
2025-11-29,CL,2025-2026,Leicester,Sheffield United,2,3,A,away,0,1007.3079028965968,958.3391644398872,48.968738456709616,1082.3079028965967,123.9687384567095
2025-11-29,CL,2025-2026,Sheffield Weds,Preston,2,3,A,away,0,914.3983744124481,1021.0052847235212,-106.60691031107308,989.3983744124481,-31.60691031107308
2025-11-29,EPL,2025-2026,Tottenham,Fulham,1,2,A,away,0,1005.8292216583934,981.8973828835171,23.93183877487627,1080.8292216583934,98.93183877487627
2025-11-29,EPL,2025-2026,Everton,Newcastle,1,4,A,away,0,1011.7304605175693,990.5183976687639,21.21206284880543,1086.7304605175693,96.21206284880543
2025-11-29,EPL,2025-2026,Sunderland,Bournemouth,3,2,H,home,1,1014.8158293465459,1014.4326720798927,0.38315726665325656,1089.8158293465458,75.38315726665314
2025-11-29,CL,2025-2026,Stoke,Hull,1,2,A,away,0,1034.6753847041555,1002.8776096851778,31.79777501897763,1109.6753847041555,106.79777501897763
2025-11-30,EPL,2025-2026,Crystal Palace,Man United,1,2,A,away,0,1026.4169498585904,1009.6698302868651,16.747119571725307,1101.4169498585904,91.7471195717253
2025-11-30,EPL,2025-2026,Chelsea,Arsenal,1,1,D,draw,0,1034.280650700919,1070.76314392293,-36.482493222011044,1109.280650700919,38.517506777988956
2025-11-30,EPL,2025-2026,West Ham,Liverpool,0,2,A,away,0,968.7901219628077,994.3630268240564,-25.57290486124873,1043.7901219628077,49.42709513875127
2025-11-30,EPL,2025-2026,Nott'm Forest,Brighton,0,2,A,away,0,976.3925017651734,1019.9575105245262,-43.56500875935285,1051.3925017651734,31.43499124064715
2025-11-30,EPL,2025-2026,Aston Villa,Wolves,1,0,H,home,1,1031.6832052582156,913.4990600906162,118.18414516759935,1106.6832052582156,193.18414516759935
2025-12-01,CL,2025-2026,Birmingham,Watford,2,1,H,home,1,1010.9340760216775,1011.7589008487796,-0.8248248271021339,1085.9340760216774,74.17517517289775
2025-12-02,EPL,2025-2026,Bournemouth,Everton,0,1,A,away,0,1006.5689558913855,999.0299343551524,7.539021536233122,1081.5689558913855,82.53902153623312
2025-12-02,CL,2025-2026,Blackburn,Ipswich,1,1,D,draw,0,983.4198276659779,1024.473458561239,-41.05363089526122,1058.419827665978,33.94636910473878
2025-12-02,EPL,2025-2026,Newcastle,Tottenham,2,2,D,draw,0,1003.2189238311809,993.0562775653825,10.162646265798344,1078.2189238311807,85.16264626579823
2025-12-02,EPL,2025-2026,Fulham,Man City,4,5,A,away,0,994.670326976528,1032.9533574932293,-38.283030516701274,1069.670326976528,36.716969483298726
2025-12-03,EPL,2025-2026,Brighton,Aston Villa,3,4,A,away,0,1030.8598215031434,1036.6329560029183,-5.773134499774869,1105.8598215031434,69.22686550022513
2025-12-03,EPL,2025-2026,Arsenal,Brentford,2,0,H,home,1,1071.8672472778576,999.7478205776187,72.11942670023893,1146.8672472778576,147.11942670023893
2025-12-03,EPL,2025-2026,Liverpool,Sunderland,1,1,D,draw,0,1005.7761326982759,1022.6795455350531,-16.903412836777193,1080.776132698276,58.09658716322281
2025-12-03,EPL,2025-2026,Leeds,Chelsea,3,1,H,home,1,953.5871734577249,1033.1765473459916,-79.58937388826666,1028.587173457725,-4.589373888266664
2025-12-03,EPL,2025-2026,Burnley,Crystal Palace,0,1,A,away,0,948.6716831220443,1013.8359712682668,-65.16428814622248,1023.6716831220443,9.835711853777525
2025-12-03,EPL,2025-2026,Wolves,Nott'm Forest,0,1,A,away,0,908.5493093459136,965.4901907865562,-56.94088144064267,983.5493093459136,18.05911855935733
2025-12-04,EPL,2025-2026,Man United,West Ham,1,1,D,draw,0,1022.2508088771888,957.3770160885882,64.87379278860055,1097.2508088771888,139.87379278860055
2025-12-05,CL,2025-2026,Hull,Middlesbrough,1,4,A,away,0,1015.8582061359325,1042.6315096667204,-26.77330353078787,1090.8582061359325,48.22669646921213
2025-12-06,EPL,2025-2026,Everton,Nott'm Forest,3,0,H,home,1,1011.3618923536455,976.0095063993383,35.35238595430724,1086.3618923536455,110.35238595430724
2025-12-06,CL,2025-2026,Watford,Norwich,3,2,H,home,1,1003.8619783443125,933.616220261754,70.2457580825585,1078.8619783443125,145.2457580825585
2025-12-06,CL,2025-2026,Derby,Leicester,1,3,A,away,0,1012.6489448273793,993.883885546145,18.765059281234244,1087.6489448273792,93.76505928123413
2025-12-06,CL,2025-2026,Preston,Wrexham,1,1,D,draw,0,1030.0980660225675,1021.4942602276667,8.603805794900836,1105.0980660225675,83.60380579490084
2025-12-06,CL,2025-2026,QPR,West Brom,3,1,H,home,1,998.1266861439116,997.3273071123947,0.7993790315168781,1073.1266861439117,75.79937903151699
2025-12-06,CL,2025-2026,Sheffield United,Stoke,4,0,H,home,1,971.763181790339,1021.6947882534008,-49.931606463061826,1046.7631817903389,25.06839353693806
2025-12-06,CL,2025-2026,Southampton,Birmingham,3,1,H,home,1,1005.3760157812271,1018.8309985261445,-13.454982744917402,1080.3760157812271,61.5450172550826
2025-12-06,EPL,2025-2026,Newcastle,Burnley,2,1,H,home,1,1000.8156851916401,938.3886641805077,62.42702101113241,1075.8156851916401,137.4270210111324
2025-12-06,EPL,2025-2026,Aston Villa,Arsenal,2,1,H,home,1,1048.5995093118456,1077.8689709454227,-29.269461633577066,1123.5995093118456,45.730538366422934
2025-12-06,EPL,2025-2026,Bournemouth,Chelsea,0,0,D,draw,0,994.2369978928923,1023.0444622294298,-28.807464336537464,1069.2369978928923,46.192535663462536
2025-12-06,CL,2025-2026,Ipswich,Coventry,3,0,H,home,1,1025.4474163228776,1099.1970512904359,-73.74963496755822,1100.4474163228776,1.2503650324417777
2025-12-06,EPL,2025-2026,Man City,Sunderland,3,0,H,home,1,1044.0062401226735,1024.3362870555407,19.669953067132838,1119.0062401226735,94.66995306713284
2025-12-06,CL,2025-2026,Bristol City,Millwall,0,1,A,away,0,1020.2031075268368,1028.0129712512364,-7.809863724399634,1095.203107526837,67.19013627560048
2025-12-06,EPL,2025-2026,Leeds,Liverpool,3,3,D,draw,0,963.7192585742868,1004.1193911777884,-40.400132603501675,1038.7192585742869,34.59986739649844
2025-12-06,EPL,2025-2026,Tottenham,Brentford,2,0,H,home,1,995.4595162049233,993.7460969100534,1.7134192948698228,1070.4595162049231,76.71341929486971
2025-12-06,CL,2025-2026,Swansea,Oxford,2,0,H,home,1,953.3555737015917,972.8629126962669,-19.50733899467525,1028.3555737015918,55.49266100532486
2025-12-07,EPL,2025-2026,Brighton,West Ham,1,1,D,draw,0,1018.8932681942161,961.1986375562532,57.69463063796297,1093.893268194216,132.69463063796286
2025-12-07,EPL,2025-2026,Fulham,Crystal Palace,1,2,A,away,0,983.6174443470838,1024.1189902098035,-40.501545862719695,1058.6174443470838,34.498454137280305
2025-12-08,EPL,2025-2026,Wolves,Man United,1,4,A,away,0,898.0299937331315,1018.4291874095238,-120.39919367639231,973.0299937331315,-45.399193676392315
2025-12-09,CL,2025-2026,Watford,Sheffield Weds,1,1,D,draw,0,1009.9091068639417,905.3055931134018,104.60351375053995,1084.9091068639418,179.60351375054006
2025-12-09,CL,2025-2026,QPR,Birmingham,2,1,H,home,1,1005.978972162054,1010.5841079027043,-4.605135740650326,1080.978972162054,70.39486425934979
2025-12-09,CL,2025-2026,Sheffield United,Norwich,1,1,D,draw,0,981.0429049121424,927.5690917421249,53.47381317001748,1056.0429049121424,128.47381317001748
2025-12-09,CL,2025-2026,Preston,Coventry,1,1,D,draw,0,1027.7371484468852,1089.2330395336232,-61.495891086738084,1102.7371484468852,13.504108913261916
2025-12-09,CL,2025-2026,Swansea,Portsmouth,1,0,H,home,1,961.7718113105789,953.8778314536021,7.8939798569767845,1036.7718113105789,82.89397985697678
2025-12-09,CL,2025-2026,Blackburn,Oxford,1,1,D,draw,0,982.4458699043394,964.4466750872797,17.999194817059674,1057.4458699043394,92.99919481705967
2025-12-09,CL,2025-2026,Southampton,West Brom,3,2,H,home,1,1013.6229064046673,989.4750210942523,24.147885310415063,1088.6229064046674,99.14788531041518
2025-12-09,CL,2025-2026,Charlton,Middlesbrough,1,2,A,away,0,992.0796240995147,1054.0107388079982,-61.931114708483506,1067.0796240995146,13.06888529151638
2025-12-10,CL,2025-2026,Derby,Millwall,1,1,D,draw,0,1000.0138360516208,1039.92310548432,-39.90926943269926,1075.0138360516207,35.090730567300625
2025-12-10,CL,2025-2026,Hull,Wrexham,2,0,H,home,1,1004.4789769946547,1023.8551778033491,-19.37620080869442,1079.4789769946547,55.62379919130558
2025-12-10,CL,2025-2026,Ipswich,Stoke,1,0,H,home,1,1035.4114280796903,1012.4150651315974,22.996362948092838,1110.4114280796903,97.99636294809284
2025-12-10,CL,2025-2026,Bristol City,Leicester,2,2,D,draw,0,1008.2929732937531,1006.5189943219035,1.7739789718496013,1083.2929732937532,76.77397897184971
2025-12-12,CL,2025-2026,West Brom,Sheffield United,2,0,H,home,1,982.2537043758897,977.5049353607925,4.748769015097196,1057.2537043758898,79.74876901509731
2025-12-13,EPL,2025-2026,Chelsea,Everton,2,0,H,home,1,1024.3662114976507,1018.2883617842039,6.077849713446881,1099.3662114976507,81.07784971344688
2025-12-13,EPL,2025-2026,Burnley,Fulham,2,3,A,away,0,932.1499858473019,972.6277494839048,-40.47776363660296,1007.1499858473019,34.52223636339704
2025-12-13,EPL,2025-2026,Arsenal,Wolves,2,1,H,home,1,1069.177652881081,889.3293009677999,179.84835191328114,1144.177652881081,254.84835191328114
2025-12-13,CL,2025-2026,Wrexham,Watford,2,2,D,draw,0,1015.4426197597151,1005.1557547910878,10.286864968627242,1090.442619759715,85.28686496862713
2025-12-13,EPL,2025-2026,Liverpool,Brighton,2,0,H,home,1,1005.1119762750407,1015.2494803155104,-10.137504040469707,1080.1119762750407,64.86249595953029
2025-12-13,CL,2025-2026,Portsmouth,Blackburn,2,1,H,home,1,946.219448092014,979.8312857227736,-33.611837630759624,1021.219448092014,41.388162369240376
2025-12-13,CL,2025-2026,Middlesbrough,QPR,3,1,H,home,1,1064.3867142567246,1013.9801227277432,50.406591528981494,1139.3867142567246,125.4065915289815
2025-12-13,CL,2025-2026,Millwall,Hull,1,3,A,away,0,1040.929677594192,1012.8915350382887,28.03814255590339,1115.929677594192,103.03814255590339
2025-12-13,CL,2025-2026,Birmingham,Charlton,1,1,D,draw,0,1002.5829573370152,981.7036486507884,20.87930868622675,1077.5829573370152,95.87930868622675
2025-12-13,CL,2025-2026,Stoke,Swansea,2,1,H,home,1,1005.1631358895273,969.430194672167,35.73294121736035,1080.1631358895274,110.73294121736046
2025-12-13,CL,2025-2026,Coventry,Bristol City,1,0,H,home,1,1089.62152342199,1006.118518164027,83.50300525796308,1164.62152342199,158.50300525796308
2025-12-13,CL,2025-2026,Leicester,Ipswich,3,1,H,home,1,1008.6934494516296,1042.6633573217605,-33.969907870130896,1083.6934494516295,41.03009212986899
2025-12-13,CL,2025-2026,Norwich,Southampton,2,1,H,home,1,931.1070612934748,1020.8442231230299,-89.73716182955513,1006.1070612934748,-14.737161829555134
2025-12-13,CL,2025-2026,Oxford,Preston,1,2,A,away,0,967.0612592688454,1027.3486645585183,-60.28740528967285,1042.0612592688453,14.71259471032704
2025-12-14,EPL,2025-2026,West Ham,Aston Villa,2,3,A,away,0,964.842425434959,1057.2908273761873,-92.44840194122833,1039.8424254349588,-17.44840194122844
2025-12-14,EPL,2025-2026,Crystal Palace,Man City,0,3,A,away,0,1035.1086850729826,1051.3469115950852,-16.23822652210265,1110.1086850729826,58.76177347789735
2025-12-14,EPL,2025-2026,Sunderland,Newcastle,1,0,H,home,1,1016.9956155831289,1007.0543635248459,9.941252058282998,1091.995615583129,84.941252058283
2025-12-14,EPL,2025-2026,Nott'm Forest,Tottenham,3,0,H,home,1,969.08303696878,1003.2867217700036,-34.20368480122363,1044.08303696878,40.79631519877648
2025-12-14,EPL,2025-2026,Brentford,Leeds,1,1,D,draw,0,985.9188913449731,962.7266734770345,23.192217867938552,1060.918891344973,98.19221786793844
2025-12-15,EPL,2025-2026,Man United,Bournemouth,4,4,D,draw,0,1027.1298801748555,992.9152486246712,34.21463155018432,1102.1298801748555,109.21463155018432
2025-12-15,CL,2025-2026,Sheffield Weds,Derby,0,3,A,away,0,910.0589451862556,999.0072639417489,-88.94831875549323,985.0589451862556,-13.948318755493233
2025-12-19,CL,2025-2026,Swansea,Wrexham,2,1,H,home,1,962.5136404509462,1013.036012601632,-50.52237215068578,1037.5136404509462,24.477627849314217
2025-12-20,CL,2025-2026,Southampton,Coventry,1,1,D,draw,0,1010.4203077142739,1095.3516348630508,-84.93132714877686,1085.4203077142738,-9.931327148776973
2025-12-20,CL,2025-2026,Sheffield United,Birmingham,3,0,H,home,1,969.7608098592344,999.8913124364859,-30.13050257725149,1044.7608098592345,44.86949742274862
2025-12-20,CL,2025-2026,QPR,Leicester,4,1,H,home,1,1007.4406210106514,1017.5179679030076,-10.077346892356218,1082.4406210106513,64.92265310764367
2025-12-20,CL,2025-2026,Ipswich,Sheffield Weds,3,1,H,home,1,1033.8388388703825,900.4601945249567,133.37864434542576,1108.8388388703825,208.37864434542576
2025-12-20,CL,2025-2026,Hull,West Brom,1,0,H,home,1,1025.7732188125865,989.9978298774478,35.77538893513872,1100.7732188125865,110.77538893513872
2025-12-20,CL,2025-2026,Derby,Portsmouth,1,1,D,draw,0,1008.6060146030478,955.0338040932953,53.572210509752495,1083.6060146030477,128.57221050975238
2025-12-20,CL,2025-2026,Charlton,Oxford,1,0,H,home,1,984.3952935513176,956.6380496900491,27.757243861268535,1059.3952935513175,102.75724386126842
2025-12-20,CL,2025-2026,Bristol City,Middlesbrough,2,0,H,home,1,1000.3884067229662,1070.9262159738164,-70.53780925085016,1075.3884067229662,4.4621907491498405
2025-12-20,CL,2025-2026,Preston,Norwich,1,1,D,draw,0,1037.7718741373146,941.5309767022308,96.24089743508387,1112.7718741373146,171.24089743508387
2025-12-20,CL,2025-2026,Blackburn,Millwall,2,0,H,home,1,971.0169297214923,1028.0479938198944,-57.03106409840211,1046.0169297214923,17.968935901597888
2025-12-20,CL,2025-2026,Watford,Stoke,1,0,H,home,1,1007.5623619491708,1012.0796901107481,-4.517328161577211,1082.5623619491707,70.48267183842268
2025-12-20,EPL,2025-2026,Leeds,Crystal Palace,4,1,H,home,1,965.4799548728375,1023.4333293853896,-57.953374512552045,1040.4799548728374,17.04662548744784
2025-12-20,EPL,2025-2026,Everton,Arsenal,0,1,A,away,0,1010.5805120831967,1072.9255571687704,-62.3450450855737,1085.5805120831967,12.654954914426298
2025-12-20,EPL,2025-2026,Tottenham,Liverpool,1,2,A,away,0,994.4555671272457,1013.2664742744882,-18.810907147242574,1069.4555671272456,56.18909285275731
2025-12-20,EPL,2025-2026,Brighton,Sunderland,0,0,D,draw,0,1007.0949823160628,1024.5983820677802,-17.50339975171744,1082.0949823160627,57.49660024828245
2025-12-20,EPL,2025-2026,Man City,West Ham,3,0,H,home,1,1063.0222672826783,955.3442090335774,107.6780582491009,1138.0222672826783,182.6780582491009
2025-12-20,EPL,2025-2026,Bournemouth,Burnley,1,1,D,draw,0,995.9590957139684,921.159613185947,74.79948252802137,1070.9590957139685,149.79948252802149
2025-12-20,EPL,2025-2026,Newcastle,Chelsea,2,2,D,draw,0,999.4515970401947,1032.0740611986578,-32.62246415846312,1074.4515970401947,42.37753584153688
2025-12-20,EPL,2025-2026,Wolves,Brentford,0,2,A,away,0,885.5813966801105,983.1656099491701,-97.58421326905955,960.5813966801105,-22.584213269059546
2025-12-21,EPL,2025-2026,Aston Villa,Man United,2,1,H,home,1,1066.7890437775688,1024.0860330855585,42.703010692010366,1141.7890437775688,117.70301069201037
2025-12-22,EPL,2025-2026,Fulham,Nott'm Forest,1,0,H,home,1,983.6181221452597,977.914191611538,5.703930533721746,1058.6181221452598,80.70393053372186
2025-12-26,CL,2025-2026,Oxford,Southampton,2,1,H,home,1,949.512318203489,1010.7060764593673,-61.193758255878265,1024.512318203489,13.806241744121735
2025-12-26,CL,2025-2026,Coventry,Swansea,1,0,H,home,1,1095.0658661179575,971.8102810172115,123.25558510074598,1170.0658661179575,198.25558510074598
2025-12-26,CL,2025-2026,Leicester,Watford,1,2,A,away,0,1009.3651423405342,1015.5610863081251,-6.1959439675908925,1084.3651423405342,68.80405603240911
2025-12-26,CL,2025-2026,Middlesbrough,Blackburn,0,0,D,draw,0,1061.0546410864924,980.5002028088727,80.55443827761974,1136.0546410864924,155.55443827761974
2025-12-26,CL,2025-2026,Norwich,Charlton,1,0,H,home,1,946.095897440259,991.5210250378777,-45.42512759761871,1021.095897440259,29.57487240238129
2025-12-26,CL,2025-2026,Sheffield Weds,Hull,2,2,D,draw,0,895.8289960690156,1032.6886674908835,-136.85967142186792,970.8289960690156,-61.859671421867915
2025-12-26,CL,2025-2026,Wrexham,Sheffield United,5,3,H,home,1,1003.7393720353667,978.4764940854399,25.26287794992686,1078.7393720353666,100.26287794992675
2025-12-26,CL,2025-2026,West Brom,Bristol City,1,2,A,away,0,983.0823811991507,1010.2599816102901,-27.177600411139338,1058.0823811991509,47.822399588860776
2025-12-26,CL,2025-2026,Portsmouth,QPR,1,1,D,draw,0,958.5742509986293,1015.5934465731248,-57.019195574495484,1033.5742509986294,17.98080442550463
2025-12-26,CL,2025-2026,Birmingham,Derby,1,1,D,draw,0,991.1756282102805,1005.0655676977138,-13.889939487433367,1066.1756282102806,61.11006051256675
2025-12-26,CL,2025-2026,Millwall,Ipswich,0,0,D,draw,0,1018.5647207325139,1038.4700373263236,-19.90531659380963,1093.564720732514,55.09468340619037
2025-12-26,EPL,2025-2026,Man United,Newcastle,1,0,H,home,1,1017.3498797356036,998.2378864441251,19.111993291478484,1092.3498797356037,94.1119932914786
2025-12-26,CL,2025-2026,Stoke,Preston,0,0,D,draw,0,1004.0809657517938,1033.2069533992862,-29.12598764749248,1079.0809657517939,45.874012352507634
2025-12-27,EPL,2025-2026,Chelsea,Aston Villa,1,2,A,away,0,1033.2877717947274,1073.5251971275238,-40.23742533279642,1108.2877717947274,34.76257466720358
2025-12-27,EPL,2025-2026,Liverpool,Wolves,2,1,H,home,1,1024.8697725698798,876.230508608819,148.6392639610608,1099.8697725698798,223.6392639610608
2025-12-27,EPL,2025-2026,Nott'm Forest,Man City,1,2,A,away,0,970.1961425833454,1068.2007057112442,-98.00456312789879,1045.1961425833454,-23.00456312789879
2025-12-27,EPL,2025-2026,Arsenal,Brighton,2,1,H,home,1,1083.2896350574067,1005.4550405983978,77.83459445900894,1158.2896350574067,152.83459445900894
2025-12-27,EPL,2025-2026,Brentford,Bournemouth,4,1,H,home,1,992.5164980204615,991.8962131924422,0.6202848280192939,1067.5164980204615,75.6202848280193
2025-12-27,EPL,2025-2026,Burnley,Everton,0,0,D,draw,0,925.2224957074732,1000.2164341945604,-74.99393848708723,1000.2224957074732,0.0060615129127654654
2025-12-27,EPL,2025-2026,West Ham,Fulham,0,1,A,away,0,950.1657706050114,991.3361711734523,-41.17040056844087,1025.1657706050114,33.82959943155913
2025-12-28,EPL,2025-2026,Crystal Palace,Tottenham,0,1,A,away,0,1013.9235773806281,982.8522688318541,31.071308548774027,1088.923577380628,106.07130854877403
2025-12-28,EPL,2025-2026,Sunderland,Leeds,1,1,D,draw,0,1026.2383237854453,974.989706877599,51.248616907846326,1101.2383237854453,126.24861690784633
2025-12-29,CL,2025-2026,Birmingham,Southampton,1,1,D,draw,0,989.4346557926134,1001.1032430100222,-11.668587217408799,1064.4346557926133,63.33141278259109
2025-12-29,CL,2025-2026,Wrexham,Preston,2,1,H,home,1,1010.9311010263763,1034.5196939046064,-23.588592878230088,1085.9311010263764,51.411407121770026
2025-12-29,CL,2025-2026,West Brom,QPR,2,1,H,home,1,971.7145691248335,1016.1105141766161,-44.39594505178263,1046.7145691248334,30.604054948217254
2025-12-29,CL,2025-2026,Stoke,Sheffield United,1,2,A,away,0,1002.7682252464737,971.2847650944303,31.483460152043335,1077.7682252464738,106.48346015204345
2025-12-29,CL,2025-2026,Sheffield Weds,Blackburn,0,0,D,draw,0,897.5908821835977,984.7004469198976,-87.10956473629983,972.5908821835977,-12.10956473629983
2025-12-29,CL,2025-2026,Portsmouth,Charlton,2,1,H,home,1,958.0571833951379,982.3702082270487,-24.313024831910752,1033.057183395138,50.68697516808936
2025-12-29,CL,2025-2026,Oxford,Swansea,0,1,A,away,0,959.1151516528341,966.9684656043069,-7.853313951472728,1034.1151516528341,67.14668604852727
2025-12-29,CL,2025-2026,Norwich,Watford,0,1,A,away,0,955.2467142510881,1027.5159380201321,-72.26922376904406,1030.2467142510882,2.730776230956053
2025-12-29,CL,2025-2026,Leicester,Derby,2,1,H,home,1,997.4102906285272,1006.8065401153809,-9.396249486853776,1072.410290628527,65.60375051314611
2025-12-29,CL,2025-2026,Middlesbrough,Hull,0,1,A,away,0,1056.8543969754676,1030.9267813763015,25.927615599166074,1131.8543969754676,100.92761559916607
2025-12-29,CL,2025-2026,Coventry,Ipswich,0,2,A,away,0,1099.9076815308622,1040.04263029885,59.86505123201209,1174.9076815308622,134.8650512320121
2025-12-29,CL,2025-2026,Millwall,Bristol City,2,1,H,home,1,1016.9921277599875,1021.6277936846074,-4.635665924619843,1091.9921277599874,70.36433407538004
2025-12-30,EPL,2025-2026,Arsenal,Aston Villa,4,1,H,home,1,1089.154074913235,1084.5224189616067,4.631655951628318,1164.154074913235,79.63165595162832
2025-12-30,EPL,2025-2026,Man United,Wolves,1,1,D,draw,0,1024.7054812212277,871.9045463338127,152.800934887415,1099.7054812212277,227.800934887415
2025-12-30,EPL,2025-2026,Nott'm Forest,Everton,0,2,A,away,0,960.8573012244101,1000.2166086589264,-39.35930743451627,1035.85730122441,35.64069256548373
2025-12-30,EPL,2025-2026,West Ham,Brighton,2,2,D,draw,0,939.195141972283,999.5906007425693,-60.39545877028638,1014.195141972283,14.604541229713618
2025-12-30,EPL,2025-2026,Burnley,Newcastle,1,3,A,away,0,925.2223212431072,990.8822849585009,-65.6599637153937,1000.2223212431072,9.340036284606299
2025-12-30,EPL,2025-2026,Chelsea,Bournemouth,2,2,D,draw,0,1022.2905499606445,984.0390096564576,38.25154030418696,1097.2905499606445,113.25154030418696
2026-01-01,CL,2025-2026,Preston,Sheffield Weds,3,0,H,home,1,1025.988726650683,897.9392824055169,128.04944424516611,1100.988726650683,203.04944424516611
2026-01-01,EPL,2025-2026,Liverpool,Leeds,0,0,D,draw,0,1029.1957348448861,978.4715204754013,50.7242143694848,1104.1957348448861,125.7242143694848
2026-01-01,EPL,2025-2026,Brentford,Tottenham,0,0,D,draw,0,1000.3737015564462,995.8138016241115,4.559899932334702,1075.3737015564461,79.55989993233459
2026-01-01,CL,2025-2026,Bristol City,Portsmouth,5,0,H,home,1,1013.6257994835146,966.608557725214,47.01724175830054,1088.6257994835146,122.01724175830054
2026-01-01,CL,2025-2026,Southampton,Millwall,0,0,D,draw,0,1002.9061434292938,1024.9941219610803,-22.08797853178646,1077.906143429294,52.91202146821365
2026-01-01,CL,2025-2026,Ipswich,Oxford,2,1,H,home,1,1053.7404699403376,947.2062224171126,106.53424752322496,1128.7404699403376,181.53424752322496
2026-01-01,CL,2025-2026,QPR,Norwich,1,2,A,away,0,1006.9890985291997,945.1681178115324,61.82098071766734,1081.9890985291997,136.82098071766734
2026-01-01,EPL,2025-2026,Sunderland,Man City,0,0,D,draw,0,1022.756510187643,1077.5395470701794,-54.78303688253641,1097.756510187643,20.216963117463592
2026-01-01,CL,2025-2026,Swansea,West Brom,1,0,H,home,1,978.8773948400284,980.8359847722498,-1.9585899322214573,1053.8773948400285,73.04141006777866
2026-01-01,CL,2025-2026,Blackburn,Wrexham,0,2,A,away,0,984.3520466979784,1019.4620682802995,-35.11002158232111,1059.3520466979785,39.889978417679
2026-01-01,CL,2025-2026,Charlton,Coventry,1,1,D,draw,0,973.8188338969726,1086.2098418893747,-112.39100799240214,1048.8188338969726,-37.39100799240214
2026-01-01,EPL,2025-2026,Crystal Palace,Fulham,1,1,D,draw,0,1000.9620445883706,1002.3067998061807,-1.344755217810075,1075.9620445883706,73.65524478218992
2026-01-01,CL,2025-2026,Hull,Stoke,0,1,A,away,0,1043.7526667095847,989.7958740202666,53.956792689318036,1118.7526667095847,128.95679268931804
2026-01-01,CL,2025-2026,Sheffield United,Leicester,3,1,H,home,1,984.2571163206374,1005.5441883939757,-21.287072073338322,1059.2571163206374,53.71292792666168
2026-01-01,CL,2025-2026,Watford,Birmingham,3,0,H,home,1,1037.5945344596878,987.6317553733418,49.96277908634602,1112.5945344596878,124.96277908634602
2026-01-01,CL,2025-2026,Derby,Middlesbrough,1,0,H,home,1,998.6726423499324,1044.0285116421844,-45.35586929225201,1073.6726423499324,29.64413070774799
2026-01-03,EPL,2025-2026,Wolves,West Ham,3,0,H,home,1,877.6592508393968,938.7750368931595,-61.11578605376269,952.6592508393968,13.88421394623731
2026-01-03,EPL,2025-2026,Aston Villa,Nott'm Forest,3,1,H,home,1,1076.775093970177,949.835062824278,126.94003114589907,1151.775093970177,201.94003114589907
2026-01-03,EPL,2025-2026,Bournemouth,Arsenal,2,3,A,away,0,987.1879069068387,1096.9013999046647,-109.71349299782594,1062.1879069068386,-34.71349299782605
2026-01-03,EPL,2025-2026,Brighton,Burnley,2,0,H,home,1,1000.0107058216929,914.9535581296403,85.05714769205258,1075.010705821693,160.05714769205258
2026-01-04,EPL,2025-2026,Fulham,Liverpool,2,2,D,draw,0,1004.3955698933107,1025.7271919383304,-21.331622045019685,1079.3955698933107,53.668377954980315
2026-01-04,EPL,2025-2026,Man City,Chelsea,1,1,D,draw,0,1078.1207821768812,1019.1416527102633,58.979129466617906,1153.1207821768812,133.9791294666179
2026-01-04,EPL,2025-2026,Tottenham,Sunderland,1,1,D,draw,0,998.064516042027,1022.1752750809412,-24.11075903891424,1073.064516042027,50.88924096108576
2026-01-04,EPL,2025-2026,Newcastle,Crystal Palace,2,0,H,home,1,1001.1510480719678,998.8732745012406,2.277773570727163,1076.1510480719678,77.27777357072716
2026-01-04,EPL,2025-2026,Everton,Brentford,2,4,A,away,0,1011.2388470590585,998.1229871385308,13.115859920527669,1086.2388470590586,88.11585992052778
2026-01-04,EPL,2025-2026,Leeds,Man United,1,1,D,draw,0,981.9400633819572,1018.9507767156437,-37.01071333368645,1056.9400633819573,37.98928666631366
2026-01-04,CL,2025-2026,Norwich,Stoke,0,2,A,away,0,958.9144542096574,1003.3459988000988,-44.431544590441376,1033.9144542096574,30.568455409558624
2026-01-04,CL,2025-2026,Millwall,Swansea,2,1,H,home,1,1026.5053867116906,986.8055277267144,39.69985898497612,1101.5053867116906,114.69985898497612
2026-01-04,CL,2025-2026,Derby,Wrexham,1,2,A,away,0,1007.8214801547703,1030.6051757718694,-22.78369561709917,1082.8214801547701,52.21630438290072
2026-01-04,CL,2025-2026,Bristol City,Preston,0,2,A,away,0,1020.2514605970185,1030.7299974006178,-10.47853680359924,1095.2514605970186,64.52146319640087
2026-01-04,CL,2025-2026,Blackburn,Charlton,2,2,D,draw,0,973.2089392064084,974.8908979067952,-1.6819587003867582,1048.2089392064086,73.31804129961336
2026-01-04,CL,2025-2026,QPR,Sheffield Weds,3,0,H,home,1,993.2427621310748,893.1980116555821,100.0447504754926,1068.2427621310749,175.04475047549272
2026-01-04,CL,2025-2026,Birmingham,Coventry,3,2,H,home,1,981.0810044273653,1085.137777879552,-104.05677345218669,1056.0810044273653,-29.05677345218669
2026-01-04,CL,2025-2026,Middlesbrough,Southampton,4,0,H,home,1,1034.8796738373467,1001.3948786786837,33.48479515866302,1109.8796738373467,108.48479515866302
2026-01-05,CL,2025-2026,Leicester,West Brom,2,1,H,home,1,997.0779707128717,972.9078518855638,24.170118827307874,1072.0779707128718,99.17011882730799
2026-01-06,EPL,2025-2026,West Ham,Nott'm Forest,1,2,A,away,0,929.1744441041217,945.0706522258092,-15.89620812168755,1004.1744441041217,59.10379187831245
2026-01-07,EPL,2025-2026,Newcastle,Leeds,4,3,H,home,1,1008.962782546912,980.8509805976338,28.111801949278174,1083.962782546912,103.11180194927817
2026-01-07,EPL,2025-2026,Bournemouth,Tottenham,3,2,H,home,1,978.1837300856798,996.6101913447263,-18.426461259046505,1053.1837300856798,56.573538740953495
2026-01-07,EPL,2025-2026,Brentford,Sunderland,3,0,H,home,1,1010.6061516643117,1023.6295997782419,-13.023448113930158,1085.6061516643117,61.97655188606984
2026-01-07,EPL,2025-2026,Burnley,Man United,2,2,D,draw,0,909.2599530516106,1020.0398594999671,-110.77990644835643,984.2599530516106,-35.77990644835643
2026-01-07,EPL,2025-2026,Everton,Wolves,1,1,D,draw,0,998.7556825332775,887.2598436284346,111.49583890484291,1073.7556825332776,186.49583890484303
2026-01-07,EPL,2025-2026,Fulham,Chelsea,2,1,H,home,1,1002.8630396854821,1022.8174594675856,-19.954419782103514,1077.8630396854821,55.045580217896486
2026-01-07,EPL,2025-2026,Man City,Brighton,1,1,D,draw,0,1074.444975419559,1005.7043108997226,68.74066451983629,1149.444975419559,143.7406645198363
2026-01-07,EPL,2025-2026,Crystal Palace,Aston Villa,0,0,D,draw,0,991.0615400262965,1081.539504568646,-90.47796454234947,1066.0615400262964,-15.477964542349582
2026-01-08,EPL,2025-2026,Arsenal,Liverpool,0,0,D,draw,0,1105.9055767258237,1027.259722146159,78.64585457966473,1180.9055767258237,153.64585457966473
