date,competition,season,home_team,away_team,home_goals,away_goals,result,winner,home_win,elo_home,elo_away,elo_diff,elo_home_adv,elo_diff_adv,home_gf_last5,home_ga_last5,away_gf_last5,away_ga_last5
2025-08-08,CL,2025-2026,Birmingham,Ipswich,1,1,D,draw,0,1000.0,1000.0,0.0,1075.0,75.0,0.0,0.0,0.0,0.0
2025-08-09,CL,2025-2026,Sheffield United,Bristol City,1,4,A,away,0,1000.0,1000.0,0.0,1075.0,75.0,0.0,0.0,0.0,0.0
2025-08-09,CL,2025-2026,West Brom,Blackburn,1,0,H,home,1,1000.0,1000.0,0.0,1075.0,75.0,0.0,0.0,0.0,0.0
2025-08-09,CL,2025-2026,Stoke,Derby,3,1,H,home,1,1000.0,1000.0,0.0,1075.0,75.0,0.0,0.0,0.0,0.0
2025-08-09,CL,2025-2026,QPR,Preston,1,1,D,draw,0,1000.0,1000.0,0.0,1075.0,75.0,0.0,0.0,0.0,0.0
2025-08-09,CL,2025-2026,Charlton,Watford,1,0,H,home,1,1000.0,1000.0,0.0,1075.0,75.0,0.0,0.0,0.0,0.0
2025-08-09,CL,2025-2026,Norwich,Millwall,1,2,A,away,0,1000.0,1000.0,0.0,1075.0,75.0,0.0,0.0,0.0,0.0
2025-08-09,CL,2025-2026,Middlesbrough,Swansea,1,0,H,home,1,1000.0,1000.0,0.0,1075.0,75.0,0.0,0.0,0.0,0.0
2025-08-09,CL,2025-2026,Southampton,Wrexham,2,1,H,home,1,1000.0,1000.0,0.0,1075.0,75.0,0.0,0.0,0.0,0.0
2025-08-09,CL,2025-2026,Oxford,Portsmouth,0,1,A,away,0,1000.0,1000.0,0.0,1075.0,75.0,0.0,0.0,0.0,0.0
2025-08-09,CL,2025-2026,Coventry,Hull,0,0,D,draw,0,1000.0,1000.0,0.0,1075.0,75.0,0.0,0.0,0.0,0.0
2025-08-10,CL,2025-2026,Leicester,Sheffield Weds,2,1,H,home,1,1000.0,1000.0,0.0,1075.0,75.0,0.0,0.0,0.0,0.0
2025-08-15,EPL,2025-2026,Liverpool,Bournemouth,4,2,H,home,1,1000.0,1000.0,0.0,1075.0,75.0,0.0,0.0,0.0,0.0
2025-08-16,EPL,2025-2026,Wolves,Man City,0,4,A,away,0,1000.0,1000.0,0.0,1075.0,75.0,0.0,0.0,0.0,0.0
2025-08-16,CL,2025-2026,Watford,QPR,2,1,H,home,1,992.1257564757086,997.8742435242914,-5.748487048582774,1067.1257564757086,69.25151295141723,0.0,1.0,1.0,1.0
2025-08-16,CL,2025-2026,Portsmouth,Norwich,1,2,A,away,0,1012.1257564757086,987.8742435242914,24.251512951417222,1087.1257564757086,99.25151295141724,1.0,0.0,1.0,2.0
2025-08-16,EPL,2025-2026,Brighton,Fulham,1,1,D,draw,0,1000.0,1000.0,0.0,1075.0,75.0,0.0,0.0,0.0,0.0
2025-08-16,EPL,2025-2026,Sunderland,West Ham,3,0,H,home,1,1000.0,1000.0,0.0,1075.0,75.0,0.0,0.0,0.0,0.0
2025-08-16,EPL,2025-2026,Tottenham,Burnley,3,0,H,home,1,1000.0,1000.0,0.0,1075.0,75.0,0.0,0.0,0.0,0.0
2025-08-16,CL,2025-2026,Derby,Coventry,3,5,A,away,0,992.1257564757086,997.8742435242914,-5.748487048582774,1067.1257564757086,69.25151295141723,1.0,3.0,0.0,0.0
2025-08-16,CL,2025-2026,Wrexham,West Brom,2,3,A,away,0,992.1257564757086,1007.8742435242914,-15.748487048582774,1067.1257564757086,59.251512951417226,1.0,2.0,1.0,0.0
2025-08-16,CL,2025-2026,Blackburn,Birmingham,1,2,A,away,0,992.1257564757086,997.8742435242914,-5.748487048582774,1067.1257564757086,69.25151295141723,0.0,1.0,1.0,1.0
2025-08-16,CL,2025-2026,Preston,Leicester,2,1,H,home,1,1002.1257564757086,1007.8742435242914,-5.748487048582774,1077.1257564757086,69.25151295141723,1.0,1.0,2.0,1.0
2025-08-16,CL,2025-2026,Sheffield Weds,Stoke,0,3,A,away,0,992.1257564757086,1007.8742435242914,-15.748487048582774,1067.1257564757086,59.251512951417226,1.0,2.0,3.0,1.0
2025-08-16,CL,2025-2026,Swansea,Sheffield United,1,0,H,home,1,992.1257564757086,987.8742435242914,4.251512951417226,1067.1257564757086,79.25151295141723,0.0,1.0,1.0,4.0
2025-08-16,CL,2025-2026,Bristol City,Charlton,0,0,D,draw,0,1012.1257564757086,1007.8742435242914,4.251512951417226,1087.1257564757086,79.25151295141723,4.0,1.0,1.0,0.0
2025-08-16,CL,2025-2026,Millwall,Middlesbrough,0,3,A,away,0,1012.1257564757086,1007.8742435242914,4.251512951417226,1087.1257564757086,79.25151295141723,2.0,1.0,1.0,0.0
2025-08-16,EPL,2025-2026,Aston Villa,Newcastle,0,0,D,draw,0,1000.0,1000.0,0.0,1075.0,75.0,0.0,0.0,0.0,0.0
2025-08-17,CL,2025-2026,Ipswich,Southampton,1,1,D,draw,0,1002.1257564757086,1007.8742435242914,-5.748487048582774,1077.1257564757086,69.25151295141723,1.0,1.0,2.0,1.0
2025-08-17,EPL,2025-2026,Nott'm Forest,Brentford,3,1,H,home,1,1000.0,1000.0,0.0,1075.0,75.0,0.0,0.0,0.0,0.0
2025-08-17,EPL,2025-2026,Chelsea,Crystal Palace,0,0,D,draw,0,1000.0,1000.0,0.0,1075.0,75.0,0.0,0.0,0.0,0.0
2025-08-17,EPL,2025-2026,Man United,Arsenal,0,1,A,away,0,1000.0,1000.0,0.0,1075.0,75.0,0.0,0.0,0.0,0.0
2025-08-17,CL,2025-2026,Hull,Oxford,3,2,H,home,1,1002.1257564757086,987.8742435242914,14.251512951417226,1077.1257564757086,89.25151295141723,0.0,0.0,0.0,1.0
2025-08-18,EPL,2025-2026,Leeds,Everton,1,0,H,home,1,1000.0,1000.0,0.0,1075.0,75.0,0.0,0.0,0.0,0.0
2025-08-22,EPL,2025-2026,West Ham,Chelsea,1,5,A,away,0,992.1257564757086,997.8742435242914,-5.748487048582774,1067.1257564757086,69.25151295141723,0.0,3.0,0.0,0.0
2025-08-22,CL,2025-2026,Derby,Bristol City,1,1,D,draw,0,980.1585212008906,1009.88347019263,-29.724948991739325,1055.1585212008906,45.275051008260675,2.0,4.0,2.0,0.5
2025-08-23,CL,2025-2026,Wrexham,Sheffield Weds,2,2,D,draw,0,980.4367038409072,980.4367038409072,0.0,1055.436703840907,75.0,1.5,2.5,0.5,2.5
2025-08-23,EPL,2025-2026,Man City,Tottenham,0,2,A,away,0,1012.1257564757086,1007.8742435242914,4.251512951417226,1087.1257564757086,79.25151295141723,4.0,0.0,3.0,0.0
2025-08-23,EPL,2025-2026,Arsenal,Leeds,5,0,H,home,1,1012.1257564757086,1007.8742435242914,4.251512951417226,1087.1257564757086,79.25151295141723,1.0,0.0,1.0,0.0
2025-08-23,EPL,2025-2026,Burnley,Sunderland,2,0,H,home,1,992.1257564757086,1007.8742435242914,-15.748487048582774,1067.1257564757086,59.251512951417226,0.0,3.0,3.0,0.0
2025-08-23,CL,2025-2026,West Brom,Portsmouth,1,1,D,draw,0,1019.5632961590928,999.3443210712724,20.218975087820468,1094.563296159093,95.21897508782048,2.0,1.0,1.0,1.0
2025-08-23,CL,2025-2026,Sheffield United,Millwall,0,1,A,away,0,980.11652980737,999.88347019263,-19.76694038525989,1055.1165298073702,55.23305961474023,0.5,2.5,1.0,2.0
2025-08-23,EPL,2025-2026,Bournemouth,Wolves,1,0,H,home,1,992.1257564757086,987.8742435242914,4.251512951417226,1067.1257564757086,79.25151295141723,2.0,4.0,0.0,4.0
2025-08-23,CL,2025-2026,Southampton,Stoke,1,2,A,away,0,1009.8414787991094,1019.5632961590928,-9.72181735998356,1084.8414787991094,65.27818264001644,1.5,1.0,3.0,0.5
2025-08-23,CL,2025-2026,Preston,Ipswich,1,0,H,home,1,1010.1585212008906,1000.1585212008906,10.0,1085.1585212008906,85.0,1.5,1.0,1.0,1.0
2025-08-23,CL,2025-2026,Charlton,Leicester,0,1,A,away,0,1010.11652980737,999.8414787991094,10.275051008260675,1085.1165298073702,85.27505100826079,0.5,0.0,1.5,1.5
2025-08-23,CL,2025-2026,Hull,Blackburn,0,3,A,away,0,1009.6119457097388,980.1585212008906,29.453424508848116,1084.6119457097388,104.45342450884824,1.5,1.0,0.5,1.5
2025-08-23,CL,2025-2026,Birmingham,Oxford,1,0,H,home,1,1009.8414787991094,980.3880542902612,29.453424508848116,1084.8414787991094,104.45342450884812,1.5,1.0,1.0,2.0
2025-08-23,CL,2025-2026,Norwich,Middlesbrough,1,2,A,away,0,1000.6556789287276,1020.11652980737,-19.460850878642532,1075.6556789287274,55.539149121357354,1.5,1.5,2.0,0.0
2025-08-23,CL,2025-2026,Coventry,QPR,7,1,H,home,1,1009.8414787991094,989.8414787991094,20.0,1084.8414787991094,95.0,2.5,1.5,1.0,1.5
2025-08-23,CL,2025-2026,Swansea,Watford,1,1,D,draw,0,999.88347019263,1000.1585212008906,-0.2750510082606752,1074.8834701926298,74.72494899173921,0.5,0.5,1.0,1.0
2025-08-23,EPL,2025-2026,Brentford,Aston Villa,1,0,H,home,1,992.1257564757086,997.8742435242914,-5.748487048582774,1067.1257564757086,69.25151295141723,1.0,3.0,0.0,0.0
2025-08-24,EPL,2025-2026,Everton,Brighton,2,0,H,home,1,992.1257564757086,997.8742435242914,-5.748487048582774,1067.1257564757086,69.25151295141723,0.0,1.0,1.0,1.0
2025-08-24,EPL,2025-2026,Fulham,Man United,1,1,D,draw,0,1002.1257564757086,987.8742435242914,14.251512951417226,1077.1257564757086,89.25151295141723,1.0,1.0,0.0,1.0
2025-08-24,EPL,2025-2026,Crystal Palace,Nott'm Forest,1,1,D,draw,0,1002.1257564757086,1007.8742435242914,-5.748487048582774,1077.1257564757086,69.25151295141723,0.0,0.0,3.0,1.0
2025-08-25,EPL,2025-2026,Newcastle,Liverpool,2,3,A,away,0,1002.1257564757086,1007.8742435242914,-5.748487048582774,1077.1257564757086,69.25151295141723,0.0,0.0,4.0,2.0
2025-08-29,CL,2025-2026,Leicester,Birmingham,2,0,H,home,1,1012.2477656153532,1016.9224866198848,-4.674721004531534,1087.2477656153533,70.32527899546847,1.3333333333333333,1.0,1.3333333333333333,0.6666666666666666
2025-08-30,CL,2025-2026,Millwall,Wrexham,0,2,A,away,0,1011.459947212848,978.3109473651984,33.14899984764952,1086.459947212848,108.14899984764952,1.0,1.3333333333333333,1.6666666666666667,2.3333333333333335
2025-08-30,CL,2025-2026,Oxford,Coventry,2,2,D,draw,0,973.3070464694858,1017.173324797686,-43.866278328200224,1048.3070464694858,31.133721671799776,0.6666666666666666,1.6666666666666667,4.0,1.3333333333333333
2025-08-30,CL,2025-2026,Middlesbrough,Sheffield United,1,0,H,home,1,1031.7015966442796,968.540052787152,63.161543857127526,1106.7015966442796,138.16154385712753,2.0,0.3333333333333333,0.3333333333333333,2.0
2025-08-30,CL,2025-2026,QPR,Charlton,3,1,H,home,1,982.5096328005328,997.7102429911262,-15.200610190593466,1057.5096328005327,59.799389809406534,1.0,3.3333333333333335,0.3333333333333333,0.3333333333333333
2025-08-30,CL,2025-2026,Blackburn,Norwich,0,2,A,away,0,993.0775133801152,989.070612091818,4.006901288297286,1068.0775133801153,79.0069012882974,1.3333333333333333,1.0,1.3333333333333333,1.6666666666666667
2025-08-30,CL,2025-2026,Bristol City,Hull,4,2,H,home,1,1011.1792644724152,996.6929535305142,14.486310941901024,1086.179264472415,89.48631094190091,1.6666666666666667,0.6666666666666666,1.0,1.6666666666666667
2025-08-30,CL,2025-2026,Ipswich,Derby,2,2,D,draw,0,992.5573483817813,978.8627269211054,13.694621460675762,1067.5573483817811,88.69462146067576,0.6666666666666666,1.0,1.6666666666666667,3.0
2025-08-30,CL,2025-2026,Portsmouth,Preston,1,0,H,home,1,1002.0183280116662,1017.75969402,-15.741366008333898,1077.0183280116662,59.2586339916661,1.0,1.0,1.3333333333333333,0.6666666666666666
2025-08-30,CL,2025-2026,Sheffield Weds,Swansea,0,2,A,away,0,982.5624603166156,997.7652738532802,-15.202813536664507,1057.5624603166157,59.79718646333549,1.0,2.3333333333333335,0.6666666666666666,0.6666666666666666
2025-08-30,CL,2025-2026,Watford,Southampton,2,2,D,draw,0,1002.2767175402404,997.9844224245512,4.292295115689285,1077.2767175402405,79.2922951156894,1.0,1.0,1.3333333333333333,1.3333333333333333
2025-08-30,EPL,2025-2026,Leeds,Newcastle,0,0,D,draw,0,1000.11652980737,990.1585212008906,9.95800860647944,1075.1165298073702,84.95800860647955,0.5,2.5,1.0,1.5
2025-08-30,EPL,2025-2026,Wolves,Everton,2,3,A,away,0,980.11652980737,1000.1585212008906,-20.04199139352056,1055.1165298073702,54.95800860647955,0.0,2.5,1.0,0.5
2025-08-30,EPL,2025-2026,Tottenham,Bournemouth,0,1,A,away,0,1020.11652980737,999.88347019263,20.23305961474011,1095.1165298073702,95.23305961474024,2.5,0.0,1.5,2.0
2025-08-30,EPL,2025-2026,Sunderland,Brentford,2,1,H,home,1,999.5632961590928,1000.1585212008906,-0.5952250417976757,1074.563296159093,74.40477495820232,1.5,1.0,1.0,1.5
2025-08-30,EPL,2025-2026,Man United,Burnley,3,2,H,home,1,990.3880542902612,1000.4367038409072,-10.048649550645791,1065.3880542902612,64.9513504493541,0.5,1.0,1.0,1.5
2025-08-30,EPL,2025-2026,Chelsea,Fulham,2,0,H,home,1,1009.8414787991094,999.6119457097388,10.229533089370648,1084.8414787991094,85.22953308937065,2.5,0.5,1.0,1.0
2025-08-30,CL,2025-2026,Stoke,West Brom,0,1,A,away,0,1031.420352533651,1016.8892892186992,14.531063314951894,1106.420352533651,89.5310633149519,2.6666666666666665,0.6666666666666666,1.6666666666666667,1.0
2025-08-31,EPL,2025-2026,Brighton,Man City,2,1,H,home,1,989.8414787991094,999.88347019263,-10.04199139352056,1064.8414787991094,64.95800860647944,0.5,1.5,2.0,1.0
2025-08-31,EPL,2025-2026,Liverpool,Arsenal,1,0,H,home,1,1019.8414787991094,1019.88347019263,-0.0419913935205613,1094.8414787991094,74.95800860647944,3.5,2.0,3.0,0.0
2025-08-31,EPL,2025-2026,Aston Villa,Crystal Palace,0,3,A,away,0,989.8414787991094,1000.1585212008906,-10.317042401781237,1064.8414787991094,64.68295759821876,0.0,0.5,0.5,0.5
2025-08-31,EPL,2025-2026,Nott'm Forest,West Ham,0,3,A,away,0,1009.8414787991094,980.1585212008906,29.682957598218763,1084.8414787991094,104.68295759821876,2.0,1.0,0.5,4.0
2025-09-12,CL,2025-2026,Ipswich,Sheffield United,5,0,H,home,1,990.0585593931736,962.3195103030656,27.739049090107983,1065.0585593931737,102.7390490901081,1.0,1.25,0.25,1.75
2025-09-13,CL,2025-2026,Sheffield Weds,Bristol City,0,3,A,away,0,970.8581540636778,1018.6591238097544,-47.80096974607659,1045.8581540636778,27.19903025392341,0.75,2.25,2.25,1.0
2025-09-13,CL,2025-2026,Coventry,Norwich,1,1,D,draw,0,1018.0670344684232,1001.3062108157376,16.760823652685872,1093.0670344684231,91.76082365268589,3.5,1.5,1.5,1.25
2025-09-13,EPL,2025-2026,Brentford,Chelsea,2,2,D,draw,0,992.267913945038,1017.4364262745272,-25.168512329489204,1067.267913945038,49.8314876705108,1.0,1.6666666666666667,2.3333333333333335,0.3333333333333333
2025-09-13,CL,2025-2026,West Brom,Derby,0,1,A,away,0,1029.4106361118722,981.3615159097128,48.049120202159315,1104.4106361118722,123.04912020215932,1.5,0.75,1.75,2.75
2025-09-13,CL,2025-2026,Wrexham,QPR,1,3,A,away,0,991.326938892054,990.8052649723234,0.5216739197305742,1066.326938892054,75.52167391973057,1.75,1.75,1.5,2.75
2025-09-13,CL,2025-2026,Swansea,Hull,2,2,D,draw,0,1009.469580106218,989.2130941931748,20.256485913043093,1084.469580106218,95.2564859130431,1.0,0.5,1.25,2.25
2025-09-13,CL,2025-2026,Stoke,Birmingham,1,0,H,home,1,1018.899005640478,1008.9194131731972,9.97959246728078,1093.8990056404782,84.9795924672809,2.0,0.75,1.0,1.0
2025-09-13,CL,2025-2026,Preston,Middlesbrough,2,2,D,draw,0,1009.4489457668244,1037.922139128366,-28.473193361541348,1084.4489457668246,46.526806638458766,1.0,0.75,1.75,0.25
2025-09-13,EPL,2025-2026,Newcastle,Wolves,1,0,H,home,1,992.5562092871844,968.5477736037471,24.00843568343737,1067.5562092871846,99.00843568343748,0.6666666666666666,1.0,0.6666666666666666,2.6666666666666665
2025-09-13,EPL,2025-2026,West Ham,Tottenham,0,3,A,away,0,993.0835558000904,1007.4421464721014,-14.358590672011132,1068.0835558000904,60.64140932798898,1.3333333333333333,2.6666666666666665,1.6666666666666667,0.3333333333333333
2025-09-13,EPL,2025-2026,Bournemouth,Brighton,2,1,H,home,1,1012.5578535278986,997.9933214885052,14.564532039393498,1087.5578535278987,89.56453203939361,1.3333333333333333,1.3333333333333333,1.0,1.3333333333333333
2025-09-13,EPL,2025-2026,Crystal Palace,Sunderland,0,0,D,draw,0,1011.9990311961149,1007.4539034149454,4.545127781169413,1086.9990311961149,79.54512778116941,1.3333333333333333,0.3333333333333333,1.6666666666666667,1.0
2025-09-13,EPL,2025-2026,Everton,Aston Villa,0,0,D,draw,0,1011.7272774045136,978.0009688038851,33.7263086006285,1086.7272774045136,108.7263086006285,1.6666666666666667,1.0,0.0,1.3333333333333333
2025-09-13,CL,2025-2026,Watford,Blackburn,0,1,A,away,0,1000.0333164985942,980.8419146561956,19.19140184239859,1075.033316498594,94.19140184239848,1.25,1.25,1.0,1.25
2025-09-13,EPL,2025-2026,Fulham,Leeds,1,0,H,home,1,992.0169982343208,997.7188417210762,-5.701843486755365,1067.016998234321,69.29815651324475,0.6666666666666666,1.3333333333333333,0.3333333333333333,1.6666666666666667
2025-09-13,CL,2025-2026,Charlton,Millwall,1,1,D,draw,0,989.4146108193356,998.4439556859924,-9.02934486665697,1064.4146108193354,65.97065513334292,0.5,1.0,0.75,1.5
2025-09-13,EPL,2025-2026,Arsenal,Nott'm Forest,3,0,H,home,1,1012.0080726443704,996.9164441999096,15.091628444460524,1087.0080726443705,90.09162844446053,2.0,0.3333333333333333,1.3333333333333333,1.6666666666666667
2025-09-13,CL,2025-2026,Oxford,Leicester,2,2,D,draw,0,972.4133367987486,1020.2508390620408,-47.83750226329221,1047.4133367987486,27.16249773670779,1.0,1.75,1.5,0.75
2025-09-14,EPL,2025-2026,Burnley,Liverpool,0,1,A,away,0,992.2846760594118,1027.716876347369,-35.43220028795713,1067.2846760594118,39.56779971204287,1.3333333333333333,2.0,2.6666666666666665,1.3333333333333333
2025-09-14,EPL,2025-2026,Man City,Man United,3,0,H,home,1,991.7316275032342,998.5400820717564,-6.808454568522279,1066.7316275032342,68.19154543147772,1.6666666666666667,1.3333333333333333,1.3333333333333333,1.3333333333333333
2025-09-14,CL,2025-2026,Southampton,Portsmouth,0,0,D,draw,0,1000.2278234661972,1010.3290762648418,-10.10125279864451,1075.2278234661972,64.89874720135538,1.5,1.5,1.0,0.75
2025-09-19,CL,2025-2026,Middlesbrough,West Brom,2,1,H,home,1,1039.2533402012552,1016.0100054757428,23.243334725512568,1114.2533402012552,98.24333472551255,1.8,0.6,1.2,0.8
2025-09-20,EPL,2025-2026,Fulham,Brentford,3,1,H,home,1,1000.0484724392858,990.8434030216724,9.205069417613458,1075.048472439286,84.20506941761357,0.75,1.0,1.25,1.75
2025-09-20,EPL,2025-2026,Wolves,Leeds,1,3,A,away,0,961.322752689259,989.6873675161112,-28.364614826852176,1036.322752689259,46.635385173147824,0.5,2.25,0.25,1.5
2025-09-20,EPL,2025-2026,Liverpool,Everton,2,1,H,home,1,1038.850830993229,1008.696188626886,30.154642366342955,1113.850830993229,105.15464236634296,2.25,1.0,1.25,0.75
2025-09-20,EPL,2025-2026,Brighton,Tottenham,2,2,D,draw,0,990.5155704278123,1019.170035805394,-28.65446537758146,1065.5155704278125,46.34553462241854,1.0,1.5,2.0,0.25
2025-09-20,EPL,2025-2026,Burnley,Nott'm Forest,1,1,D,draw,0,981.150721413552,989.4528936055792,-8.302172192027342,1056.1507214135518,66.69782780797254,1.0,1.75,1.0,2.0
2025-09-20,EPL,2025-2026,West Ham,Crystal Palace,1,2,A,away,0,981.3556664667976,1009.7487204205092,-28.393053953711387,1056.3556664667976,46.6069460462885,1.0,2.75,1.0,0.25
2025-09-20,CL,2025-2026,Portsmouth,Sheffield Weds,0,2,A,away,0,1012.1755861038528,960.076898381945,52.09868772190771,1087.1755861038528,127.09868772190772,0.8,0.6,0.6,2.4
2025-09-20,CL,2025-2026,Sheffield United,Charlton,0,1,A,away,0,955.193298385694,987.5383179804596,-32.345019594765404,1030.193298385694,42.65498040523459,0.2,2.4,0.6,1.0
2025-09-20,CL,2025-2026,Norwich,Wrexham,2,3,A,away,0,1003.8875575623672,979.18685052233,24.700707040037173,1078.887557562367,99.70070704003706,1.4,1.2,1.6,2.0
2025-09-20,CL,2025-2026,Hull,Southampton,3,1,H,home,1,991.8881035547256,998.3813136271864,-6.49321007246067,1066.8881035547256,68.50678992753933,1.4,2.2,1.2,1.2
2025-09-20,CL,2025-2026,Derby,Preston,0,1,A,away,0,994.7621465458424,1008.117744693935,-13.355598148092554,1069.7621465458424,61.64440185190733,1.6,2.2,1.2,1.0
2025-09-20,CL,2025-2026,QPR,Stoke,1,0,H,home,1,1002.9453533420474,1026.5007320435952,-23.555378701547852,1077.9453533420474,51.44462129845215,1.8,2.4,1.8,0.6
2025-09-20,CL,2025-2026,Leicester,Coventry,0,0,D,draw,0,1021.031049662704,1015.4856877217936,5.545361940910311,1096.031049662704,80.5453619409102,1.6,1.0,3.0,1.4
2025-09-20,EPL,2025-2026,Man United,Chelsea,2,1,H,home,1,990.4779721842448,1018.8609371978932,-28.382965013648345,1065.477972184245,46.61703498635154,1.0,1.75,2.25,0.75
2025-09-20,CL,2025-2026,Birmingham,Swansea,1,0,H,home,1,1001.3176867700802,1006.7945707446672,-5.476883974587167,1076.3176867700802,69.52311602541283,0.8,1.0,1.2,0.8
2025-09-21,EPL,2025-2026,Arsenal,Man City,1,1,D,draw,0,1019.4716232387008,999.793737390746,19.677885847954823,1094.4716232387009,94.67788584795494,2.25,0.25,2.0,1.0
2025-09-21,CL,2025-2026,Bristol City,Oxford,1,3,A,away,0,1029.4403794914872,971.6331261980852,57.807253293401914,1104.4403794914872,132.8072532934019,2.4,0.8,1.2,1.8
2025-09-21,EPL,2025-2026,Bournemouth,Newcastle,0,0,D,draw,0,1020.0356045885912,999.7812302016728,20.254374386918585,1095.0356045885912,95.25437438691858,1.5,1.25,0.75,0.75
2025-09-21,EPL,2025-2026,Sunderland,Aston Villa,1,1,D,draw,0,1009.7042141905512,981.0320575815128,28.67215660903844,1084.7042141905513,103.67215660903857,1.25,0.75,0.0,1.0
2025-09-22,CL,2025-2026,Millwall,Watford,1,0,H,home,1,1000.3202485248684,987.3867923766668,12.933456148201572,1075.3202485248685,87.93345614820157,0.8,1.4,1.0,1.2
2025-09-26,CL,2025-2026,West Brom,Leicester,1,1,D,draw,0,1008.764646548054,1018.753425452522,-9.988778904468065,1083.764646548054,65.01122109553194,1.2,1.2,1.2,0.8
2025-09-27,CL,2025-2026,Preston,Bristol City,0,0,D,draw,0,1019.8736265350597,1015.7937807897924,4.079845745267107,1094.8736265350597,79.07984574526711,1.2,0.8,1.8,1.2
2025-09-27,CL,2025-2026,Stoke,Norwich,1,1,D,draw,0,1017.9707001267712,991.0941978324644,26.87650229430676,1092.9707001267711,101.87650229430665,1.2,0.6,1.6,1.4
2025-09-27,CL,2025-2026,Watford,Hull,2,1,H,home,1,979.8650299787356,999.9414822604864,-20.07645228175056,1054.8650299787355,54.92354771824944,1.0,1.2,2.0,2.4
2025-09-27,CL,2025-2026,Sheffield Weds,QPR,1,1,D,draw,0,973.580194499487,1011.4753852588714,-37.89519075938438,1048.5801944994869,37.10480924061551,0.8,2.0,1.8,2.2
2025-09-27,CL,2025-2026,Southampton,Middlesbrough,1,1,D,draw,0,990.3279349214256,1046.498699128944,-56.17076420751846,1065.3279349214256,18.82923579248154,1.0,1.6,2.0,0.8
2025-09-27,CL,2025-2026,Charlton,Blackburn,3,0,H,home,1,998.7598956750054,993.4884387781228,5.271456896882455,1073.7598956750053,80.27145689688234,0.6,1.0,1.0,1.0
2025-09-27,CL,2025-2026,Ipswich,Portsmouth,2,1,H,home,1,997.1847713105452,998.6722899863108,-1.4875186757657275,1072.184771310545,73.51248132423427,1.8,1.0,0.6,1.0
2025-09-27,CL,2025-2026,Oxford,Sheffield United,0,1,A,away,0,985.27972489978,943.9717206911482,41.3080042086317,1060.27972489978,116.3080042086317,1.8,1.8,0.0,1.8
2025-09-27,EPL,2025-2026,Chelsea,Brighton,1,3,A,away,0,1010.194689142152,989.1894946806098,21.005194461542377,1085.194689142152,96.00519446154236,2.0,1.0,1.2,1.6
2025-09-27,EPL,2025-2026,Man City,Burnley,5,1,H,home,1,1002.4532780937092,979.2542436440584,23.19903444965064,1077.4532780937093,98.19903444965075,1.8,1.0,1.0,1.6
2025-09-27,CL,2025-2026,Wrexham,Derby,1,1,D,draw,0,991.9802102522326,983.006264704718,8.973945547514745,1066.9802102522326,83.97394554751475,2.0,2.0,1.4,1.8
2025-09-27,CL,2025-2026,Coventry,Birmingham,3,0,H,home,1,1017.763311931976,1009.3429378205868,8.420374111389037,1092.7633119319755,83.42037411138892,3.0,1.4,0.8,0.8
2025-09-27,EPL,2025-2026,Crystal Palace,Liverpool,2,1,H,home,1,1021.0821871462332,1045.9133867051326,-24.831199558899357,1096.082187146233,50.16880044110053,1.2,0.4,2.2,1.0
2025-09-27,EPL,2025-2026,Brentford,Man United,3,1,H,home,1,983.2206550542268,999.1442202399858,-15.923565185759117,1058.2206550542269,59.07643481424088,1.2,2.0,1.2,1.6
2025-09-27,EPL,2025-2026,Leeds,Bournemouth,2,2,D,draw,0,1001.0216382221248,1017.360651652906,-16.33901343078128,1076.0216382221247,58.66098656921861,0.8,1.4,1.2,1.0
2025-09-27,CL,2025-2026,Swansea,Millwall,1,1,D,draw,0,998.7693196941608,1007.8420109227995,-9.072691228638972,1073.769319694161,65.92730877136103,1.2,0.8,0.6,1.2
2025-09-27,EPL,2025-2026,Nott'm Forest,Sunderland,0,1,A,away,0,991.3493713750726,1006.8058062030008,-15.456434827928092,1066.349371375073,59.54356517207202,1.0,1.8,1.2,0.8
2025-09-27,EPL,2025-2026,Tottenham,Wolves,1,1,D,draw,0,1020.4961115525966,949.9884819832454,70.50762956935125,1095.4961115525966,145.50762956935125,2.0,0.6,0.6,2.4
2025-09-28,EPL,2025-2026,Aston Villa,Fulham,3,1,H,home,1,983.9304655690632,1007.6712204067314,-23.74075483766819,1058.9304655690632,51.25924516233181,0.2,1.0,1.2,1.0
2025-09-28,EPL,2025-2026,Newcastle,Arsenal,1,2,A,away,0,1002.4561831373578,1016.8120825357375,-14.355899398379734,1077.4561831373578,60.644100601620266,0.6,0.6,2.0,0.4
2025-09-29,EPL,2025-2026,Everton,West Ham,1,1,D,draw,0,1001.6336329149824,970.0221997410736,31.611433173908836,1076.6336329149826,106.61143317390896,1.2,1.0,1.0,2.6
2025-09-30,CL,2025-2026,Hull,Preston,2,2,D,draw,0,991.5092709947004,1017.6360333260004,-26.126762331299915,1066.5092709947005,48.873237668700085,1.6,2.4,0.8,0.6
2025-09-30,CL,2025-2026,Middlesbrough,Stoke,0,0,D,draw,0,1047.0401181384202,1015.119704048628,31.92041408979219,1122.0401181384202,106.9204140897922,1.6,1.0,0.8,0.8
2025-09-30,CL,2025-2026,Derby,Charlton,1,1,D,draw,0,985.3772394078634,1006.4897474580358,-21.112508050172437,1060.3772394078633,53.88749194982745,1.0,1.0,1.2,1.0
2025-09-30,CL,2025-2026,Sheffield United,Southampton,1,2,A,away,0,957.1996461642628,989.7865159119492,-32.58686974768659,1032.1996461642627,42.41313025231341,0.2,1.6,1.0,1.6
2025-09-30,CL,2025-2026,Leicester,Wrexham,1,1,D,draw,0,1020.6030619858888,989.6092355490872,30.993826436801783,1095.6030619858889,105.99382643680178,1.2,0.6,1.8,1.6
2025-09-30,CL,2025-2026,Birmingham,Sheffield Weds,2,2,D,draw,0,1001.6988694676506,972.5162739943228,29.182595473327865,1076.6988694676506,104.18259547332786,0.4,1.2,1.0,1.6
2025-09-30,CL,2025-2026,Bristol City,Ipswich,1,1,D,draw,0,1018.0313739988518,1005.09993134636,12.93144265249191,1093.031373998852,87.93144265249202,1.8,1.2,2.0,1.0
2025-09-30,CL,2025-2026,Blackburn,Swansea,1,2,A,away,0,985.7585869950924,996.8942305702966,-11.135643575204083,1060.7585869950926,63.86435642479603,1.0,1.4,1.2,1.0
2025-10-01,CL,2025-2026,QPR,Oxford,0,0,D,draw,0,1012.5393057640356,972.0517994266654,40.48750633737018,1087.5393057640356,115.48750633737018,1.8,2.0,1.4,1.4
2025-10-01,CL,2025-2026,Portsmouth,Watford,2,2,D,draw,0,990.757129950496,988.2972412445216,2.4598887059745493,1065.7571299504962,77.45988870597466,0.6,1.0,1.0,1.2
2025-10-01,CL,2025-2026,Norwich,West Brom,0,1,A,away,0,993.9451939106076,1006.9150100146868,-12.9698161040792,1068.9451939106077,62.0301838959208,1.4,1.4,0.8,1.0
2025-10-01,CL,2025-2026,Millwall,Coventry,0,4,A,away,0,1009.7171000466636,1025.407380284912,-15.690280238248306,1084.7171000466635,59.309719761751694,0.8,0.8,2.6,0.8
2025-10-03,EPL,2025-2026,Bournemouth,Fulham,3,1,H,home,1,1019.0331877455224,999.1359678178272,19.897219927695343,1094.0331877455224,94.89721992769525,1.2,0.6,1.2,1.4
2025-10-03,CL,2025-2026,Wrexham,Birmingham,1,1,D,draw,0,992.568733688672,998.7870098146312,-6.218276125959278,1067.568733688672,68.78172387404072,1.6,1.4,0.6,1.6
2025-10-04,CL,2025-2026,Hull,Sheffield United,1,0,H,home,1,990.1117916000676,945.9849261829394,44.12686541712833,1065.1117916000676,119.12686541712822,2.0,2.2,0.4,1.8
2025-10-04,CL,2025-2026,Derby,Southampton,1,1,D,draw,0,983.8385513083572,1001.0012358932728,-17.162684584915496,1058.8385513083572,57.837315415084504,1.0,1.0,1.2,1.4
2025-10-04,CL,2025-2026,Blackburn,Stoke,1,1,D,draw,0,973.9408499374284,1018.1035164080392,-44.162666470610816,1048.9408499374283,30.837333529389294,1.0,1.4,0.4,0.6
2025-10-04,CL,2025-2026,Sheffield Weds,Coventry,0,5,A,away,0,975.4281336473422,1037.098060404943,-61.66992675760082,1050.4281336473423,13.330073242399294,1.0,1.6,2.0,0.6
2025-10-04,EPL,2025-2026,Man United,Sunderland,2,0,H,home,1,990.8283770666004,1018.5030238023098,-27.674646735709302,1065.8283770666003,47.3253532642907,1.4,2.0,0.8,0.8
2025-10-04,CL,2025-2026,Millwall,West Brom,3,0,H,home,1,998.0264199266328,1018.681651112972,-20.655231186339165,1073.026419926633,54.34476881366095,0.6,1.6,0.8,0.8
2025-10-04,CL,2025-2026,Bristol City,QPR,1,2,A,away,0,1015.5531907906452,1009.3325515657644,6.220639224880756,1090.5531907906452,81.22063922488087,1.8,1.2,1.6,0.6
2025-10-04,CL,2025-2026,Portsmouth,Middlesbrough,1,0,H,home,1,988.5638743022074,1044.0563057790089,-55.49243147680147,1063.5638743022073,19.507568523198415,0.8,1.2,1.2,0.8
2025-10-04,CL,2025-2026,Preston,Charlton,2,0,H,home,1,1019.0335127206332,1008.028435557542,11.005077163091189,1094.033512720633,86.00507716309107,1.0,1.0,1.4,1.0
2025-10-04,CL,2025-2026,Swansea,Leicester,1,3,A,away,0,1008.7119676279608,1017.643563846304,-8.931596218343316,1083.7119676279608,66.0684037816568,1.4,1.0,1.2,0.8
2025-10-04,CL,2025-2026,Watford,Oxford,2,1,H,home,1,990.49049689281,975.2585536249368,15.231943267873476,1065.49049689281,90.23194326787348,1.2,1.4,1.4,1.2
2025-10-04,EPL,2025-2026,Leeds,Tottenham,1,2,A,away,0,999.3491021295084,1016.5368824129029,-17.187780283394318,1074.3491021295083,57.81221971660579,1.0,1.8,1.6,0.8
2025-10-04,EPL,2025-2026,Arsenal,West Ham,2,0,H,home,1,1028.540047017332,972.9979085390856,55.54213847824633,1103.540047017332,130.54213847824633,2.2,0.6,1.2,2.2
2025-10-04,EPL,2025-2026,Chelsea,Liverpool,2,1,H,home,1,997.4996837908174,1037.3474079413847,-39.84772415056739,1072.4996837908177,35.152275849432726,2.2,1.6,1.6,1.0
2025-10-05,CL,2025-2026,Ipswich,Norwich,3,1,H,home,1,1007.5781145545666,982.1785528123226,25.399561742244032,1082.5781145545666,100.39956174224405,2.0,1.0,1.2,1.2
2025-10-05,EPL,2025-2026,Brentford,Man City,0,1,A,away,0,991.536498227612,1009.6998153747204,-18.1633171471085,1066.536498227612,56.8366828528915,1.6,1.6,2.0,1.2
2025-10-05,EPL,2025-2026,Wolves,Brighton,1,1,D,draw,0,953.9477111229392,1001.8845000319444,-47.93678890900526,1028.9477111229394,27.063211090994855,0.8,1.8,1.6,1.6
2025-10-05,EPL,2025-2026,Newcastle,Nott'm Forest,2,0,H,home,1,990.7282186557634,979.6521537757634,11.07606487999999,1065.7282186557634,86.07606487999999,0.8,1.0,0.4,1.8
2025-10-05,EPL,2025-2026,Everton,Crystal Palace,2,1,H,home,1,998.6579241169704,1029.648165909981,-30.99024179301034,1073.657924116971,44.00975820698977,1.4,1.0,1.6,0.6
2025-10-05,EPL,2025-2026,Aston Villa,Burnley,2,1,H,home,1,992.4657181579676,972.0077063630472,20.458011794920253,1067.4657181579676,95.45801179492024,0.8,1.2,1.2,2.0
2025-10-17,CL,2025-2026,Middlesbrough,Ipswich,2,1,H,home,1,1034.6171894600866,1014.7662201266976,19.85096933338889,1109.6171894600866,94.85096933338887,1.0,1.0,2.6,1.0
2025-10-18,CL,2025-2026,Norwich,Bristol City,0,1,A,away,0,974.9904472401914,1003.2571469737642,-28.26669973357275,1049.990447240191,46.733300266427136,1.0,1.8,1.2,1.2
2025-10-18,CL,2025-2026,Oxford,Derby,1,0,H,home,1,967.7987814031806,982.1890682961824,-14.390286893001983,1042.7987814031806,60.609713106998015,1.2,1.2,0.8,0.8
2025-10-18,CL,2025-2026,Leicester,Portsmouth,1,1,D,draw,0,1029.52257092791,998.0029906211296,31.519580306780423,1104.52257092791,106.51958030678044,1.4,1.0,0.8,1.2
2025-10-18,EPL,2025-2026,Fulham,Arsenal,0,1,A,away,0,991.8013739532096,1034.9501080047944,-43.14873405158471,1066.8013739532098,31.851265948415403,1.2,1.8,1.6,0.6
2025-10-18,CL,2025-2026,Coventry,Blackburn,2,0,H,home,1,1047.481542606924,973.0556035099162,74.42593909700781,1122.481542606924,149.4259390970078,2.6,0.2,0.6,1.6
2025-10-18,CL,2025-2026,Southampton,Swansea,0,0,D,draw,0,1002.6507189054472,996.8329605463546,5.81775835909275,1077.650718905447,80.81775835909275,1.0,1.2,1.2,1.6
2025-10-18,CL,2025-2026,Birmingham,Hull,2,3,A,away,0,1000.7412433108328,996.811377902624,3.929865408208911,1075.741243310833,78.92986540820891,0.8,1.4,1.8,1.4
2025-10-18,CL,2025-2026,Sheffield United,Watford,1,0,H,home,1,939.285339880383,997.9502691145664,-58.664929234183205,1014.285339880383,16.335070765816795,0.4,1.8,1.2,1.2
2025-10-18,CL,2025-2026,Charlton,Sheffield Weds,2,1,H,home,1,1000.4545075518756,965.0446514453612,35.40985610651455,1075.4545075518756,110.40985610651455,1.2,0.8,1.0,2.2
2025-10-18,CL,2025-2026,West Brom,Preston,2,1,H,home,1,1010.2331864832092,1026.6074407262995,-16.374254243090604,1085.233186483209,58.62574575690928,0.6,1.4,1.4,0.8
2025-10-18,EPL,2025-2026,Burnley,Leeds,2,0,H,home,1,964.6881002132478,987.7003217853394,-23.01222157209156,1039.6881002132477,51.98777842790832,1.0,2.4,1.2,1.2
2025-10-18,CL,2025-2026,QPR,Millwall,1,2,A,away,0,1021.6285953826452,1006.474884556396,15.15371082624938,1096.6285953826452,90.15371082624938,1.4,0.6,1.2,1.2
2025-10-18,EPL,2025-2026,Man City,Everton,2,0,H,home,1,1021.3212682310196,1007.397953148934,13.92331508208565,1096.3212682310195,88.92331508208554,2.2,0.8,1.4,1.2
2025-10-18,CL,2025-2026,Stoke,Wrexham,1,0,H,home,1,1018.9887628355516,990.6145001924702,28.37426264308124,1093.9887628355514,103.37426264308112,0.6,0.6,1.4,1.6
2025-10-18,EPL,2025-2026,Brighton,Newcastle,2,1,H,home,1,1002.6618702656097,998.3002238246736,4.361646440936056,1077.6618702656097,79.36164644093606,1.8,1.4,0.8,0.4
2025-10-18,EPL,2025-2026,Sunderland,Wolves,2,0,H,home,1,1009.85679465043,953.170340889274,56.6864537611558,1084.85679465043,131.6864537611558,0.8,0.8,1.0,1.8
2025-10-18,EPL,2025-2026,Nott'm Forest,Chelsea,0,3,A,away,0,972.0801486068532,1006.4913582443736,-34.41120963752053,1047.080148606853,40.58879036247936,0.2,2.0,1.6,1.6
2025-10-18,EPL,2025-2026,Crystal Palace,Bournemouth,3,3,D,draw,0,1020.9081368780174,1026.36778161014,-5.459644732122456,1095.9081368780176,69.54035526787766,1.6,0.8,1.6,0.8
2025-10-19,EPL,2025-2026,Liverpool,Man United,1,2,A,away,0,1028.3557334878285,999.4746062184804,28.88112726934787,1103.3557334878285,103.88112726934789,1.2,1.0,1.6,1.8
2025-10-19,EPL,2025-2026,Tottenham,Aston Villa,1,2,A,away,0,1028.185662757072,999.785324307767,28.400338449304854,1103.185662757072,103.40033844930484,1.6,1.0,1.2,1.2
2025-10-20,EPL,2025-2026,West Ham,Brentford,0,2,A,away,0,966.5878475516232,979.9150453713128,-13.32719781968956,1041.587847551623,61.67280218031044,1.0,1.6,1.4,1.8
2025-10-21,CL,2025-2026,Derby,Norwich,1,0,H,home,1,973.9160725623128,963.653408587618,10.26266397469476,1048.9160725623128,85.26266397469476,0.6,1.0,0.8,1.8
2025-10-21,CL,2025-2026,Millwall,Stoke,2,0,H,home,1,1019.013005800933,1026.0982105874473,-7.085204786514282,1094.0130058009331,67.91479521348583,1.4,1.2,0.6,0.6
2025-10-21,CL,2025-2026,Portsmouth,Coventry,1,2,A,away,0,1000.9762895904322,1053.4276407065972,-52.45135111616503,1075.9762895904323,22.548648883835085,1.0,1.4,2.8,0.0
2025-10-21,CL,2025-2026,Hull,Leicester,2,1,H,home,1,1009.0448700683108,1026.5492719586073,-17.50440189029655,1084.0448700683107,57.49559810970345,2.0,1.4,1.2,0.8
2025-10-21,CL,2025-2026,Bristol City,Southampton,3,1,H,home,1,1014.5941856263375,1000.3656625407804,14.228523085557184,1089.5941856263375,89.22852308555719,0.8,1.2,1.0,1.2
2025-10-21,CL,2025-2026,Ipswich,Charlton,0,3,A,away,0,1007.4303895926708,1007.3794791929582,0.0509103997125066,1082.4303895926707,75.0509103997125,2.4,1.0,1.4,0.8
2025-10-21,CL,2025-2026,Blackburn,Sheffield United,1,3,A,away,0,967.109505410243,948.8155248765852,18.29398053365765,1042.109505410243,93.29398053365765,0.6,1.6,0.6,0.8
2025-10-21,CL,2025-2026,Preston,Birmingham,0,1,A,away,0,1018.278990864213,988.5077511451462,29.771239719066784,1093.278990864213,104.77123971906678,1.2,0.8,1.2,1.8
2025-10-22,CL,2025-2026,Sheffield Weds,Middlesbrough,0,1,A,away,0,958.1196798042783,1041.9530199941137,-83.83334018983521,1033.1196798042783,-8.833340189835326,1.2,2.0,1.0,0.8
2025-10-22,CL,2025-2026,Wrexham,Oxford,1,0,H,home,1,983.5050524405744,976.0717771370504,7.433275303524169,1058.5050524405744,82.43327530352417,1.2,1.2,1.0,0.8
2025-10-22,CL,2025-2026,Swansea,QPR,0,1,A,away,0,999.1180169110216,1009.090474138108,-9.97245722708658,1074.1180169110216,65.02754277291353,0.8,1.2,1.0,0.8
2025-10-22,CL,2025-2026,Watford,West Brom,2,1,H,home,1,988.420084118364,1018.5616363452958,-30.14155222693182,1063.420084118364,44.85844777306818,1.2,1.2,1.0,1.4
2025-10-24,CL,2025-2026,Preston,Sheffield United,3,2,H,home,1,1005.3516328745222,961.4380119055076,43.91362096901469,1080.3516328745222,118.91362096901469,1.0,1.0,1.2,0.8
2025-10-24,EPL,2025-2026,Leeds,West Ham,2,1,H,home,1,979.1855818550356,954.8311734969794,24.35440835805616,1054.1855818550357,99.35440835805628,1.2,1.6,0.4,2.0
2025-10-25,CL,2025-2026,Swansea,Norwich,2,1,H,home,1,987.2679266777136,956.0593595172074,31.20856716050605,1062.2679266777136,106.20856716050616,0.8,1.2,0.4,1.4
2025-10-25,CL,2025-2026,Sheffield Weds,Oxford,1,2,A,away,0,948.3738690053734,968.4008568230812,-20.026987817707777,1023.3738690053734,54.97301218229222,0.8,2.2,0.4,0.8
2025-10-25,CL,2025-2026,Millwall,Leicester,1,0,H,home,1,1027.0827832437265,1018.1891856081216,8.893597635604806,1102.0827832437265,83.8935976356048,1.6,1.2,1.4,1.2
2025-10-25,CL,2025-2026,Middlesbrough,Wrexham,1,1,D,draw,0,1051.6988307930187,991.1759727545436,60.52285803847519,1126.6988307930187,135.5228580384752,0.8,0.6,0.8,0.8
2025-10-25,CL,2025-2026,Derby,QPR,1,0,H,home,1,981.5101216327234,1020.940564371416,-39.430442738692705,1056.5101216327234,35.569557261307295,0.8,0.8,1.0,0.8
2025-10-25,CL,2025-2026,Blackburn,Southampton,2,1,H,home,1,954.4870183813208,992.8788534094476,-38.391835028126934,1029.4870183813207,36.608164971873066,0.6,2.2,1.0,1.2
2025-10-25,CL,2025-2026,Ipswich,West Brom,1,0,H,home,1,995.3032340568924,1009.8456393292038,-14.542405272311273,1070.3032340568925,60.45759472768873,1.4,1.6,1.0,1.4
2025-10-25,CL,2025-2026,Portsmouth,Stoke,0,1,A,away,0,990.3281969807764,1018.0284331446538,-27.700236163877435,1065.3281969807765,47.29976383612245,1.2,1.4,0.6,0.8
2025-10-25,CL,2025-2026,Hull,Charlton,1,1,D,draw,0,1017.4049564187964,1019.5066347287363,-2.101678309940098,1092.4049564187962,72.89832169005979,1.8,1.4,1.8,0.8
2025-10-25,CL,2025-2026,Coventry,Watford,3,1,H,home,1,1064.075733316253,997.136081134456,66.93965218179699,1139.075733316253,141.939652181797,3.2,0.2,1.6,1.2
2025-10-25,EPL,2025-2026,Brentford,Liverpool,3,2,H,home,1,991.6717194259564,1015.4518170797382,-23.78009765378192,1066.6717194259563,51.21990234621808,1.6,1.4,1.2,1.4
2025-10-25,EPL,2025-2026,Man United,Brighton,4,2,H,home,1,1012.3785226265704,1010.4165736775363,1.9619489490340811,1087.3785226265704,76.96194894903408,1.4,1.6,1.8,1.4
2025-10-25,EPL,2025-2026,Newcastle,Fulham,2,1,H,home,1,990.5455204127468,980.8871804636404,9.658339949106448,1065.545520412747,84.65833994910656,1.0,0.8,1.2,1.6
2025-10-25,EPL,2025-2026,Chelsea,Sunderland,1,2,A,away,0,1017.65431174975,1016.2381982698516,1.4161134798983994,1092.65431174975,76.4161134798984,1.8,1.6,0.8,0.6
2025-10-25,CL,2025-2026,Bristol City,Birmingham,1,0,H,home,1,1022.0809947576704,1001.435109134837,20.645885622833248,1097.0809947576704,95.64588562283336,1.2,0.8,1.2,1.8
2025-10-26,EPL,2025-2026,Everton,Tottenham,0,3,A,away,0,999.9029124560552,1015.2944227101664,-15.391510254111154,1074.9029124560552,59.60848974588896,0.8,1.2,1.8,1.2
2025-10-26,EPL,2025-2026,Bournemouth,Nott'm Forest,2,0,H,home,1,1028.3430073908376,960.917195101477,67.42581228936058,1103.3430073908376,142.42581228936058,2.0,1.4,0.2,2.0
2025-10-26,EPL,2025-2026,Aston Villa,Man City,1,0,H,home,1,1012.6765643546728,1028.8163089238983,-16.139744569225854,1087.6765643546728,58.86025543077426,1.6,0.8,2.4,0.4
2025-10-26,EPL,2025-2026,Wolves,Burnley,2,3,A,away,0,946.7889372698526,973.2028401435516,-26.413902873699044,1021.7889372698526,48.58609712630096,0.6,1.6,1.0,1.8
2025-10-26,EPL,2025-2026,Arsenal,Crystal Palace,1,0,H,home,1,1045.8643014943636,1018.93291109732,26.931390397043742,1120.8643014943636,101.93139039704374,1.8,0.4,1.6,1.4
2025-10-31,CL,2025-2026,Wrexham,Coventry,3,2,H,home,1,994.8901452139954,1070.2034513902172,-75.31330617622177,1069.8901452139953,-0.3133061762218858,0.8,0.8,3.2,0.4
2025-11-01,CL,2025-2026,West Brom,Sheffield Weds,0,0,D,draw,0,1001.5683955407634,936.804691594486,64.76370394627747,1076.5683955407635,139.7637039462776,0.8,1.4,0.8,2.4
2025-11-01,CL,2025-2026,Charlton,Swansea,1,1,D,draw,0,1021.574559879781,994.3027901829928,27.271769696788283,1096.574559879781,102.27176969678828,1.4,1.0,1.0,1.2
2025-11-01,EPL,2025-2026,Liverpool,Aston Villa,2,0,H,home,1,1006.9154563901698,1020.9984538198178,-14.082997429648003,1081.9154563901698,60.917002570352,1.4,2.0,1.8,0.8
2025-11-01,CL,2025-2026,Watford,Middlesbrough,3,0,H,home,1,991.008363060492,1047.9846583335668,-56.976295273074925,1066.0083630604918,18.02370472692496,1.4,1.6,0.8,0.6
2025-11-01,EPL,2025-2026,Tottenham,Chelsea,0,1,A,away,0,1026.9934551031445,1005.4896719921874,21.5037831109571,1101.9934551031445,96.5037831109571,1.8,1.2,1.6,1.6
2025-11-01,CL,2025-2026,Oxford,Millwall,2,2,D,draw,0,979.9700342339688,1034.713991255797,-54.74395702182835,1054.9700342339688,20.256042978171763,0.8,0.8,1.6,1.0
2025-11-01,CL,2025-2026,Birmingham,Portsmouth,4,0,H,home,1,994.1205212022686,978.9751491645892,15.145372037679522,1069.1205212022687,90.14537203767964,1.2,1.4,1.0,1.2
2025-11-01,CL,2025-2026,Norwich,Hull,0,2,A,away,0,949.0244960119282,1015.337031267752,-66.3125352558236,1024.0244960119282,8.687464744176395,0.4,1.6,1.8,1.2
2025-11-01,CL,2025-2026,Leicester,Blackburn,0,2,A,away,0,1010.5579775960508,963.4372327832403,47.12074481281047,1085.557977596051,122.12074481281049,1.2,1.2,1.0,1.8
2025-11-01,EPL,2025-2026,Burnley,Arsenal,0,2,A,away,0,984.5922154376772,1053.0118540845133,-68.41963864683612,1059.5922154376772,6.58036135316388,1.6,2.0,1.4,0.4
2025-11-01,CL,2025-2026,Stoke,Bristol City,5,1,H,home,1,1029.3814809608411,1029.3955826902386,-0.0141017293974528,1104.3814809608411,74.98589827060255,0.6,0.6,1.4,0.8
2025-11-01,CL,2025-2026,Sheffield United,Derby,1,3,A,away,0,954.7329553866558,990.4899093184586,-35.75695393180274,1029.7329553866557,39.243046068197145,1.4,1.4,0.8,0.6
2025-11-01,CL,2025-2026,QPR,Ipswich,1,4,A,away,0,1011.960776685681,1003.5804778453328,8.380298840348132,1086.9607766856811,83.38029884034825,0.8,0.8,1.2,1.4
2025-11-01,EPL,2025-2026,Nott'm Forest,Man United,2,2,D,draw,0,954.8013652292224,1020.1989137013812,-65.39754847215886,1029.8013652292225,9.60245152784114,0.2,1.8,2.2,1.4
2025-11-01,EPL,2025-2026,Crystal Palace,Brentford,2,0,H,home,1,1011.7853585071704,1000.2080801155248,11.577278391645564,1086.7853585071705,86.57727839164545,1.6,1.6,1.8,1.4
2025-11-01,EPL,2025-2026,Brighton,Leeds,3,0,H,home,1,1002.5961826027254,986.401414226106,16.194768376619436,1077.5961826027255,91.19476837661956,2.0,1.8,1.6,1.6
2025-11-01,CL,2025-2026,Southampton,Preston,0,2,A,away,0,983.928639007528,1012.056689393374,-28.12805038584611,1058.928639007528,46.87194961415389,1.0,1.4,1.6,1.4
2025-11-01,EPL,2025-2026,Fulham,Wolves,3,0,H,home,1,973.2767375655076,935.399561975727,37.87717558978045,1048.2767375655076,112.87717558978056,1.2,2.0,1.0,2.0
2025-11-02,EPL,2025-2026,West Ham,Newcastle,3,1,H,home,1,947.615341125909,998.15596331088,-50.54062218497086,1022.615341125909,24.459377815029143,0.6,1.8,1.2,1.0
2025-11-02,EPL,2025-2026,Man City,Bournemouth,3,1,H,home,1,1020.4944194587534,1034.458837263092,-13.964417804338495,1095.494419458753,61.03558219566139,1.8,0.6,2.0,1.2
2025-11-03,EPL,2025-2026,Sunderland,Everton,1,1,D,draw,0,1028.4028380274142,988.2038800630768,40.198957964337296,1103.4028380274142,115.1989579643373,1.2,0.8,0.8,1.8
2025-11-04,CL,2025-2026,Leicester,Middlesbrough,1,1,D,draw,0,997.1809991179208,1038.5029573978538,-41.32195827993303,1072.1809991179207,33.67804172006686,1.0,1.4,0.8,1.2
2025-11-04,CL,2025-2026,Coventry,Sheffield United,3,1,H,home,1,1060.194433716025,943.608228686676,116.586205029349,1135.194433716025,191.586205029349,2.8,1.0,1.4,1.6
2025-11-04,CL,2025-2026,Oxford,Stoke,0,3,A,away,0,979.387678125781,1037.256112027787,-57.86843390200568,1054.387678125781,17.13156609799421,1.2,1.2,1.6,0.8
2025-11-04,CL,2025-2026,Derby,Hull,2,1,H,home,1,1001.6146360184384,1025.5870245043063,-23.97238848586801,1076.6146360184384,51.027611514132104,1.2,0.6,1.8,0.8
2025-11-04,CL,2025-2026,Charlton,West Brom,1,0,H,home,1,1018.713115204126,997.7494802432058,20.963634960920217,1093.713115204126,95.96363496092032,1.4,1.0,0.6,1.4
2025-11-04,CL,2025-2026,Ipswich,Watford,1,1,D,draw,0,1015.9353200255246,1000.4900639962048,15.445256029319694,1090.9353200255246,90.4452560293197,1.8,1.4,1.6,1.2
2025-11-04,CL,2025-2026,Bristol City,Blackburn,0,1,A,away,0,1021.5209516232932,976.8142112613706,44.706740361922584,1096.520951623293,119.70674036192248,1.4,1.6,1.2,1.4
2025-11-04,CL,2025-2026,Birmingham,Millwall,4,0,H,home,1,1001.5826245071646,1035.2963473639848,-33.71372285682014,1076.5826245071646,41.28627714317986,1.6,1.0,2.0,0.6
2025-11-05,CL,2025-2026,Preston,Swansea,2,1,H,home,1,1023.3976471459156,997.1642348586475,26.23341228726804,1098.3976471459157,101.23341228726804,1.6,1.0,0.8,1.2
2025-11-05,CL,2025-2026,QPR,Southampton,1,2,A,away,0,999.6059345054894,972.587681254986,27.01825325050322,1074.6059345054894,102.01825325050322,1.0,1.6,0.6,1.6
2025-11-05,CL,2025-2026,Portsmouth,Wrexham,0,0,D,draw,0,971.5130458596932,1004.8991628881874,-33.38611702849437,1046.5130458596932,41.613882971505745,0.6,1.6,1.2,1.0
2025-11-05,CL,2025-2026,Sheffield Weds,Norwich,1,1,D,draw,0,940.6236068920437,938.7745027753738,1.849104116669764,1015.6236068920437,76.84910411666976,0.4,2.0,0.4,1.8
2025-11-07,CL,2025-2026,Watford,Bristol City,1,1,D,draw,0,1003.0360343371962,1008.2056739970674,-5.169639659871223,1078.0360343371965,69.83036034012889,1.4,1.2,1.2,1.4
2025-11-08,CL,2025-2026,Southampton,Sheffield Weds,3,1,H,home,1,985.4424251942344,938.447091821622,46.99533337261232,1060.4424251942344,121.99533337261232,0.8,1.6,0.6,1.2
2025-11-08,CL,2025-2026,Millwall,Preston,1,1,D,draw,0,1026.479099993286,1030.5636651502734,-4.084565156987537,1101.479099993286,70.91543484301246,1.4,1.4,1.6,1.2
2025-11-08,CL,2025-2026,Sheffield United,QPR,0,0,D,draw,0,938.6241363769336,986.7511905662412,-48.127054189307614,1013.6241363769336,26.872945810692386,1.6,2.0,0.8,1.8
2025-11-08,CL,2025-2026,Middlesbrough,Birmingham,2,1,H,home,1,1039.469264763284,1010.3998718778636,29.069392885420484,1114.469264763284,104.06939288542048,1.0,1.2,2.2,0.8
2025-11-08,CL,2025-2026,Norwich,Leicester,1,2,A,away,0,940.9510178457951,996.2146917524906,-55.26367390669532,1015.9510178457951,19.736326093304683,0.4,1.4,0.6,1.4
2025-11-08,CL,2025-2026,Stoke,Coventry,0,1,A,away,0,1047.7487989051633,1065.1785260257675,-17.429727120604184,1122.7487989051633,57.570272879395816,2.0,0.6,2.4,1.2
2025-11-08,CL,2025-2026,Hull,Portsmouth,3,2,H,home,1,1017.0452473653636,970.3209969223938,46.72425044296972,1092.0452473653636,121.72425044296985,1.8,1.2,0.4,1.6
2025-11-08,CL,2025-2026,Blackburn,Derby,1,2,A,away,0,990.1294888875964,1010.1564131573812,-20.026924269784782,1065.1294888875964,54.973075730215214,1.2,1.2,1.4,0.6
2025-11-08,CL,2025-2026,Wrexham,Charlton,1,0,H,home,1,1006.0912118254868,1026.0192191880358,-19.92800736254901,1081.0912118254869,55.0719926374511,1.0,0.8,1.6,0.6
2025-11-08,EPL,2025-2026,West Ham,Burnley,3,2,H,home,1,956.9125043736886,974.4028400566572,-17.490335682968635,1031.9125043736883,57.50966431703125,1.0,1.6,1.4,2.2
2025-11-08,CL,2025-2026,West Brom,Oxford,2,1,H,home,1,990.443376259296,968.8949912484044,21.548385010891593,1065.443376259296,96.5483850108916,0.6,1.0,1.0,1.4
2025-11-08,EPL,2025-2026,Chelsea,Wolves,3,0,H,home,1,1018.197980437269,928.5387492618028,89.65923117546629,1093.197980437269,164.6592311754663,1.6,1.2,0.8,2.0
2025-11-08,EPL,2025-2026,Sunderland,Arsenal,2,2,D,draw,0,1025.203536867118,1063.2012294655333,-37.99769259841537,1100.203536867118,37.00230740158463,1.2,0.8,1.6,0.2
2025-11-08,CL,2025-2026,Swansea,Ipswich,1,4,A,away,0,989.99821685429,1013.3893496845332,-23.39113283024335,1064.99821685429,51.60886716975665,0.8,1.0,1.4,1.4
2025-11-08,EPL,2025-2026,Everton,Fulham,2,0,H,home,1,991.4031812233732,980.1375502794316,11.26563094394146,1066.4031812233732,86.26563094394146,0.8,1.6,1.2,1.8
2025-11-08,EPL,2025-2026,Tottenham,Man United,2,2,D,draw,0,1014.2851466580628,1020.4752241223022,-6.19007746423938,1089.2851466580628,68.80992253576062,1.4,1.0,2.2,1.6
2025-11-09,EPL,2025-2026,Nott'm Forest,Leeds,3,1,H,home,1,954.5250548083015,978.9675478261098,-24.442493017808147,1029.5250548083018,50.55750698219197,0.4,2.0,1.0,2.0
2025-11-09,EPL,2025-2026,Man City,Liverpool,3,0,H,home,1,1028.7555258029531,1015.1798727261483,13.575653076804656,1103.7555258029531,88.57565307680466,2.2,0.6,1.4,1.8
2025-11-09,EPL,2025-2026,Crystal Palace,Brighton,0,0,D,draw,0,1019.3437927949944,1010.0300490027216,9.313743792272705,1094.3437927949944,84.31374379227282,1.6,1.4,2.2,1.4
2025-11-09,EPL,2025-2026,Brentford,Newcastle,3,1,H,home,1,992.6496458277009,988.8588000631004,3.79084576460059,1067.6496458277009,78.79084576460059,1.6,1.2,1.4,1.6
2025-11-09,EPL,2025-2026,Aston Villa,Bournemouth,4,0,H,home,1,1012.7340374838392,1026.197730918892,-13.463693435053074,1087.734037483839,61.536306564946926,1.6,1.0,2.2,1.8
2025-11-21,CL,2025-2026,Preston,Blackburn,1,2,A,away,0,1032.5768948532043,978.5603096926898,54.01658516051475,1107.5768948532043,129.01658516051475,1.6,1.0,1.4,1.2
2025-11-22,CL,2025-2026,Charlton,Southampton,1,5,A,away,0,1017.5911752125016,992.0686450954698,25.522530117031692,1092.5911752125016,100.5225301170318,1.2,0.6,1.4,1.8
2025-11-22,CL,2025-2026,Oxford,Middlesbrough,1,1,D,draw,0,961.6044892360748,1046.5603873623588,-84.95589812628396,1036.6044892360749,-9.955898126283955,1.0,1.8,1.0,1.2
2025-11-22,EPL,2025-2026,Burnley,Chelsea,0,2,A,away,0,966.0431476736331,1023.7843095997478,-57.7411619261145,1041.0431476736333,17.2588380738855,1.6,1.8,2.0,0.6
2025-11-22,EPL,2025-2026,Liverpool,Nott'm Forest,0,3,A,away,0,1007.6754510591248,963.0800775301052,44.59537352901964,1082.6754510591247,119.59537352901964,1.2,2.0,1.0,2.0
2025-11-22,CL,2025-2026,QPR,Hull,3,2,H,home,1,987.5231173871176,1023.6783833806002,-36.15526599348266,1062.5231173871175,38.84473400651734,0.6,1.4,1.8,1.2
2025-11-22,CL,2025-2026,Derby,Watford,2,3,A,away,0,1021.7255923522878,1001.052788523966,20.672803828321776,1096.7255923522878,95.67280382832178,1.8,0.6,1.6,1.2
2025-11-22,CL,2025-2026,Ipswich,Wrexham,0,0,D,draw,0,1024.8639426727254,1014.519255801021,10.344686871704424,1099.8639426727254,85.34468687170443,2.0,1.2,1.2,0.6
2025-11-22,CL,2025-2026,Portsmouth,Millwall,3,1,H,home,1,963.6878609071572,1024.4658702903548,-60.77800938319774,1038.687860907157,14.22199061680226,0.6,2.0,1.2,1.4
2025-11-22,CL,2025-2026,Birmingham,Norwich,4,1,H,home,1,1003.3087492787884,930.3835709490874,72.92517832970111,1078.3087492787886,147.92517832970125,2.0,0.6,0.6,1.6
2025-11-22,EPL,2025-2026,Newcastle,Man City,2,1,H,home,1,981.0884901869072,1036.2599474699769,-55.171457283069685,1056.0884901869072,19.828542716930315,1.4,1.8,1.8,0.4
2025-11-22,EPL,2025-2026,Fulham,Sunderland,1,0,H,home,1,972.570678931114,1024.142533298949,-51.57185436783504,1047.570678931114,23.42814563216484,1.0,1.6,1.4,1.2
2025-11-22,CL,2025-2026,Coventry,West Brom,3,2,H,home,1,1076.8205311123515,997.7338782716256,79.08665284072606,1151.8205311123515,154.08665284072606,2.2,1.2,0.6,1.0
2025-11-22,EPL,2025-2026,Brighton,Brentford,2,1,H,home,1,1012.4102519478332,1000.419955703894,11.990296243939383,1087.410251947833,86.99029624393938,1.6,1.2,1.6,1.2
2025-11-22,EPL,2025-2026,Bournemouth,West Ham,2,2,D,draw,0,1017.9505972859876,965.2721967567128,52.678400529274995,1092.9505972859877,127.678400529275,1.8,2.2,1.4,1.8
2025-11-22,CL,2025-2026,Bristol City,Swansea,3,0,H,home,1,1010.1889198102976,978.523623866098,31.66529594419967,1085.1889198102976,106.66529594419978,1.2,1.6,1.0,1.8
2025-11-22,CL,2025-2026,Leicester,Stoke,2,1,H,home,1,1006.7821386491984,1036.1067938185793,-29.324655169380776,1081.7821386491985,45.675344830619224,0.8,1.4,1.8,0.8
2025-11-22,EPL,2025-2026,Wolves,Crystal Palace,0,2,A,away,0,922.952420099324,1016.9635898498826,-94.01116975055857,997.952420099324,-19.011169750558565,0.6,2.4,1.2,1.2
2025-11-23,CL,2025-2026,Sheffield Weds,Sheffield United,0,3,A,away,0,931.8208719203866,937.8522095560572,-6.031337635670525,1006.8208719203866,68.96866236432948,0.6,1.4,1.4,2.0
2025-11-23,EPL,2025-2026,Leeds,Aston Villa,1,2,A,away,0,970.4125251043064,1020.9811711167436,-50.56864601243717,1045.4125251043065,24.431353987562943,0.8,2.2,1.8,0.8
2025-11-23,EPL,2025-2026,Arsenal,Tottenham,4,1,H,home,1,1064.2622330337022,1012.3301325476214,51.9321004860808,1139.2622330337022,126.9321004860808,1.6,0.4,1.6,1.2
2025-11-24,EPL,2025-2026,Man United,Everton,0,1,A,away,0,1022.4302382327436,998.9700525716908,23.46018566105272,1097.4302382327437,98.46018566105283,2.4,1.4,1.0,1.4
2025-11-25,CL,2025-2026,Southampton,Leicester,3,0,H,home,1,1004.8837986684346,1015.4750181365556,-10.591219468121151,1079.8837986684346,64.40878053187885,2.2,1.4,1.0,1.2
2025-11-25,CL,2025-2026,Norwich,Oxford,1,1,D,draw,0,924.4013131667664,961.8909646117866,-37.489651445020286,999.4013131667664,37.510348554979714,0.8,2.2,1.2,1.8
2025-11-25,CL,2025-2026,Stoke,Charlton,3,0,H,home,1,1027.413914331222,1004.7760216395368,22.63789269168524,1102.413914331222,97.63789269168524,2.0,0.8,0.8,1.6
2025-11-25,CL,2025-2026,Swansea,Derby,1,2,A,away,0,971.5007456178656,1009.0394614035114,-37.53871578564565,1046.5007456178655,37.46128421435435,1.0,2.2,2.0,1.2
2025-11-25,CL,2025-2026,Watford,Preston,1,1,D,draw,0,1013.7389194727424,1019.0252660995584,-5.286346626815998,1088.7389194727425,69.71365337318412,1.8,1.4,1.8,1.2
2025-11-25,CL,2025-2026,Hull,Ipswich,0,2,A,away,0,1014.7917893082146,1022.4557677185248,-7.663978410310278,1089.7917893082144,67.33602158968961,1.8,1.6,2.0,0.6
2025-11-25,CL,2025-2026,Middlesbrough,Coventry,2,4,A,away,0,1046.2739119866471,1082.6551417960486,-36.381229809401475,1121.2739119866471,38.618770190598525,1.0,1.4,2.4,1.4
2025-11-26,CL,2025-2026,Blackburn,QPR,0,1,A,away,0,992.111938446336,996.4097114595032,-4.297773013167216,1067.111938446336,70.70222698683278,1.6,0.8,1.0,1.8
2025-11-26,CL,2025-2026,Wrexham,Bristol City,2,0,H,home,1,1016.9274307552216,1017.2117980585296,-0.2843673033080449,1091.9274307552216,74.71563269669196,1.0,0.6,1.2,1.4
2025-11-26,CL,2025-2026,Sheffield United,Portsmouth,3,0,H,home,1,949.8116175462532,973.2787475911842,-23.46713004493097,1024.8116175462533,51.53286995506903,1.4,1.8,1.0,1.8
2025-11-26,CL,2025-2026,Millwall,Sheffield Weds,1,0,H,home,1,1014.8749836063276,919.8614639301904,95.0135196761372,1089.8749836063275,170.0135196761371,1.0,2.0,0.6,1.8
2025-11-26,CL,2025-2026,West Brom,Birmingham,1,1,D,draw,0,991.8992675879284,1009.2910070611096,-17.391739473181133,1066.8992675879283,57.60826052681898,0.8,1.2,2.6,0.8
2025-11-28,CL,2025-2026,Oxford,Ipswich,2,1,H,home,1,962.9664239159443,1034.3699473415616,-71.4035234256171,1037.9664239159445,3.596476574382905,1.0,1.8,2.2,0.6
2025-11-29,EPL,2025-2026,Brentford,Burnley,3,1,H,home,1,992.872697127201,955.546806572462,37.32589055473909,1067.872697127201,112.32589055473908,1.8,1.4,1.4,1.8
2025-11-29,CL,2025-2026,Coventry,Charlton,3,1,H,home,1,1093.7621241233471,997.5145512666032,96.24757285674411,1168.7621241233471,171.2475728567441,2.6,1.6,0.6,2.0
2025-11-29,CL,2025-2026,West Brom,Swansea,3,2,H,home,1,990.2561986273604,960.4266821866258,29.829516440734665,1065.2561986273604,104.82951644073457,1.0,1.2,0.8,2.4
2025-11-29,CL,2025-2026,Wrexham,Blackburn,1,1,D,draw,0,1024.8094905308628,980.1045973627818,44.70489316808107,1099.8094905308628,119.70489316808109,1.2,0.4,1.2,0.8
2025-11-29,EPL,2025-2026,Man City,Leeds,3,2,H,home,1,1026.83003998812,959.7104909628342,67.11954902528578,1101.83003998812,142.11954902528578,1.8,0.8,0.8,2.2
2025-11-29,CL,2025-2026,Norwich,QPR,3,1,H,home,1,923.3258538626084,1008.4170525430573,-85.09119868044888,998.3258538626084,-10.091198680448883,0.8,2.0,1.2,1.6
2025-11-29,CL,2025-2026,Millwall,Southampton,3,2,H,home,1,1020.33807312407,1013.0509139083936,7.287159215676525,1095.33807312407,82.28715921567652,1.0,2.0,2.6,1.0
2025-11-29,CL,2025-2026,Middlesbrough,Derby,2,1,H,home,1,1035.1669296593484,1020.1135248347512,15.053404824597123,1110.1669296593484,90.05340482459712,1.2,2.0,2.2,1.4
2025-11-29,CL,2025-2026,Leicester,Sheffield United,2,3,A,away,0,1007.3079028965968,958.3391644398872,48.968738456709616,1082.3079028965967,123.9687384567095,1.0,1.6,1.6,1.2
2025-11-29,CL,2025-2026,Sheffield Weds,Preston,2,3,A,away,0,914.398374412448,1021.0052847235212,-106.60691031107308,989.398374412448,-31.60691031107308,0.4,1.6,1.4,1.0
2025-11-29,EPL,2025-2026,Tottenham,Fulham,1,2,A,away,0,1005.8292216583934,981.8973828835173,23.93183877487627,1080.8292216583934,98.93183877487628,1.4,1.8,1.0,1.0
2025-11-29,EPL,2025-2026,Everton,Newcastle,1,4,A,away,0,1011.7304605175692,990.518397668764,21.21206284880543,1086.730460517569,96.21206284880545,0.8,1.2,1.4,2.0
2025-11-29,EPL,2025-2026,Sunderland,Bournemouth,3,2,H,home,1,1014.815829346546,1014.4326720798928,0.3831572666532565,1089.8158293465458,75.38315726665314,1.4,1.0,1.6,2.4
2025-11-29,CL,2025-2026,Stoke,Hull,1,2,A,away,0,1034.6753847041557,1002.8776096851778,31.79777501897763,1109.6753847041557,106.79777501897765,2.4,0.8,1.6,1.8
2025-11-29,CL,2025-2026,Portsmouth,Bristol City,0,1,A,away,0,964.7512006975504,1009.3297382828886,-44.57853758533827,1039.7512006975503,30.421462414661733,1.0,2.2,1.0,1.8
2025-11-30,EPL,2025-2026,West Ham,Liverpool,0,2,A,away,0,968.7901219628076,994.3630268240564,-25.57290486124873,1043.7901219628077,49.42709513875127,1.8,1.8,1.0,2.2
2025-11-30,EPL,2025-2026,Chelsea,Arsenal,1,1,D,draw,0,1034.280650700919,1070.76314392293,-36.48249322201104,1109.280650700919,38.51750677798896,2.0,0.4,2.0,0.6
2025-11-30,EPL,2025-2026,Aston Villa,Wolves,1,0,H,home,1,1031.6832052582156,913.4990600906162,118.18414516759935,1106.6832052582156,193.18414516759935,1.8,0.8,0.4,2.6
2025-11-30,EPL,2025-2026,Nott'm Forest,Brighton,0,2,A,away,0,976.3925017651734,1019.9575105245262,-43.56500875935285,1051.3925017651734,31.43499124064715,1.6,1.6,1.8,1.2
2025-11-30,EPL,2025-2026,Crystal Palace,Man United,1,2,A,away,0,1026.4169498585904,1009.6698302868652,16.747119571725307,1101.4169498585904,91.7471195717253,1.4,0.8,2.0,1.6
2025-12-01,CL,2025-2026,Birmingham,Watford,2,1,H,home,1,1010.9340760216776,1011.7589008487796,-0.8248248271021339,1085.9340760216774,74.17517517289775,2.8,0.8,1.8,1.0
2025-12-02,EPL,2025-2026,Bournemouth,Everton,0,1,A,away,0,1006.5689558913856,999.0299343551524,7.539021536233122,1081.5689558913857,82.53902153623312,1.4,2.4,1.0,1.6
2025-12-02,CL,2025-2026,Blackburn,Ipswich,1,1,D,draw,0,983.419827665978,1024.473458561239,-41.05363089526122,1058.419827665978,33.94636910473878,1.0,1.0,1.6,0.8
2025-12-02,EPL,2025-2026,Newcastle,Tottenham,2,2,D,draw,0,1003.2189238311807,993.0562775653824,10.162646265798344,1078.2189238311807,85.16264626579823,2.0,1.8,1.4,1.8
2025-12-02,EPL,2025-2026,Fulham,Man City,4,5,A,away,0,994.670326976528,1032.9533574932293,-38.283030516701274,1069.670326976528,36.716969483298726,1.4,1.0,2.0,1.2
2025-12-03,EPL,2025-2026,Leeds,Chelsea,3,1,H,home,1,953.5871734577248,1033.1765473459916,-79.58937388826666,1028.587173457725,-4.589373888266664,1.2,2.4,1.6,0.6
2025-12-03,EPL,2025-2026,Burnley,Crystal Palace,0,1,A,away,0,948.6716831220444,1013.8359712682668,-65.16428814622248,1023.6716831220444,9.835711853777523,1.2,2.4,1.0,0.6
2025-12-03,EPL,2025-2026,Brighton,Aston Villa,3,4,A,away,0,1030.8598215031434,1036.6329560029185,-5.773134499774869,1105.8598215031434,69.22686550022513,1.8,1.0,1.6,0.6
2025-12-03,EPL,2025-2026,Arsenal,Brentford,2,0,H,home,1,1071.8672472778576,999.7478205776188,72.11942670023893,1146.8672472778576,147.11942670023893,2.0,0.8,2.0,1.6
2025-12-03,EPL,2025-2026,Liverpool,Sunderland,1,1,D,draw,0,1005.776132698276,1022.6795455350532,-16.903412836777193,1080.776132698276,58.09658716322281,1.2,1.8,1.6,1.4
2025-12-03,EPL,2025-2026,Wolves,Nott'm Forest,0,1,A,away,0,908.5493093459136,965.4901907865562,-56.94088144064267,983.5493093459136,18.05911855935733,0.4,2.4,1.6,1.4
2025-12-04,EPL,2025-2026,Man United,West Ham,1,1,D,draw,0,1022.2508088771888,957.3770160885882,64.87379278860055,1097.2508088771888,139.87379278860055,2.0,1.6,1.8,1.8
2025-12-05,CL,2025-2026,Hull,Middlesbrough,1,4,A,away,0,1015.8582061359324,1042.6315096667204,-26.77330353078787,1090.8582061359325,48.22669646921213,1.6,2.0,1.6,1.6
2025-12-06,EPL,2025-2026,Newcastle,Burnley,2,1,H,home,1,1000.81568519164,938.3886641805076,62.42702101113241,1075.81568519164,137.4270210111324,2.0,2.0,0.6,2.2
2025-12-06,CL,2025-2026,Watford,Norwich,3,2,H,home,1,1003.8619783443124,933.616220261754,70.2457580825585,1078.8619783443123,145.2457580825585,1.4,1.4,1.4,1.8
2025-12-06,CL,2025-2026,Derby,Leicester,1,3,A,away,0,1012.6489448273792,993.883885546145,18.765059281234244,1087.6489448273792,93.76505928123412,1.8,1.6,1.4,1.8
2025-12-06,CL,2025-2026,Preston,Wrexham,1,1,D,draw,0,1030.0980660225675,1021.4942602276668,8.603805794900836,1105.0980660225675,83.60380579490084,1.6,1.4,0.8,0.2
