date,competition,season,home_team,away_team,home_goals,away_goals,result,winner,home_win,elo_home,elo_away,elo_diff,home_gf_last5,home_ga_last5,away_gf_last5,away_ga_last5
2025-08-08,CL,2025-2026,Birmingham,Ipswich,1,1,D,draw,0,1000.0,1000.0,0.0,0.0,0.0,0.0,0.0
2025-08-09,CL,2025-2026,Oxford,Portsmouth,0,1,A,away,0,1000.0,1000.0,0.0,0.0,0.0,0.0,0.0
2025-08-09,CL,2025-2026,Southampton,Wrexham,2,1,H,home,1,1000.0,1000.0,0.0,0.0,0.0,0.0,0.0
2025-08-09,CL,2025-2026,Middlesbrough,Swansea,1,0,H,home,1,1000.0,1000.0,0.0,0.0,0.0,0.0,0.0
2025-08-09,CL,2025-2026,Norwich,Millwall,1,2,A,away,0,1000.0,1000.0,0.0,0.0,0.0,0.0,0.0
2025-08-09,CL,2025-2026,Coventry,Hull,0,0,D,draw,0,1000.0,1000.0,0.0,0.0,0.0,0.0,0.0
2025-08-09,CL,2025-2026,QPR,Preston,1,1,D,draw,0,1000.0,1000.0,0.0,0.0,0.0,0.0,0.0
2025-08-09,CL,2025-2026,Stoke,Derby,3,1,H,home,1,1000.0,1000.0,0.0,0.0,0.0,0.0,0.0
2025-08-09,CL,2025-2026,West Brom,Blackburn,1,0,H,home,1,1000.0,1000.0,0.0,0.0,0.0,0.0,0.0
2025-08-09,CL,2025-2026,Charlton,Watford,1,0,H,home,1,1000.0,1000.0,0.0,0.0,0.0,0.0,0.0
2025-08-09,CL,2025-2026,Sheffield United,Bristol City,1,4,A,away,0,1000.0,1000.0,0.0,0.0,0.0,0.0,0.0
2025-08-10,CL,2025-2026,Leicester,Sheffield Weds,2,1,H,home,1,1000.0,1000.0,0.0,0.0,0.0,0.0,0.0
2025-08-15,EPL,2025-2026,Liverpool,Bournemouth,4,2,H,home,1,1000.0,1000.0,0.0,0.0,0.0,0.0,0.0
2025-08-16,CL,2025-2026,Millwall,Middlesbrough,0,3,A,away,0,1010.0,1010.0,0.0,2.0,1.0,1.0,0.0
2025-08-16,CL,2025-2026,Wrexham,West Brom,2,3,A,away,0,990.0,1010.0,-20.0,1.0,2.0,1.0,0.0
2025-08-16,CL,2025-2026,Bristol City,Charlton,0,0,D,draw,0,1010.0,1010.0,0.0,4.0,1.0,1.0,0.0
2025-08-16,CL,2025-2026,Swansea,Sheffield United,1,0,H,home,1,990.0,990.0,0.0,0.0,1.0,1.0,4.0
2025-08-16,CL,2025-2026,Sheffield Weds,Stoke,0,3,A,away,0,990.0,1010.0,-20.0,1.0,2.0,3.0,1.0
2025-08-16,CL,2025-2026,Preston,Leicester,2,1,H,home,1,1000.0,1010.0,-10.0,1.0,1.0,2.0,1.0
2025-08-16,CL,2025-2026,Blackburn,Birmingham,1,2,A,away,0,990.0,1000.0,-10.0,0.0,1.0,1.0,1.0
2025-08-16,EPL,2025-2026,Aston Villa,Newcastle,0,0,D,draw,0,1000.0,1000.0,0.0,0.0,0.0,0.0,0.0
2025-08-16,CL,2025-2026,Derby,Coventry,3,5,A,away,0,990.0,1000.0,-10.0,1.0,3.0,0.0,0.0
2025-08-16,EPL,2025-2026,Wolves,Man City,0,4,A,away,0,1000.0,1000.0,0.0,0.0,0.0,0.0,0.0
2025-08-16,EPL,2025-2026,Tottenham,Burnley,3,0,H,home,1,1000.0,1000.0,0.0,0.0,0.0,0.0,0.0
2025-08-16,EPL,2025-2026,Sunderland,West Ham,3,0,H,home,1,1000.0,1000.0,0.0,0.0,0.0,0.0,0.0
2025-08-16,EPL,2025-2026,Brighton,Fulham,1,1,D,draw,0,1000.0,1000.0,0.0,0.0,0.0,0.0,0.0
2025-08-16,CL,2025-2026,Portsmouth,Norwich,1,2,A,away,0,1010.0,990.0,20.0,1.0,0.0,1.0,2.0
2025-08-16,CL,2025-2026,Watford,QPR,2,1,H,home,1,990.0,1000.0,-10.0,0.0,1.0,1.0,1.0
2025-08-17,EPL,2025-2026,Man United,Arsenal,0,1,A,away,0,1000.0,1000.0,0.0,0.0,0.0,0.0,0.0
2025-08-17,CL,2025-2026,Hull,Oxford,3,2,H,home,1,1000.0,990.0,10.0,0.0,0.0,0.0,1.0
2025-08-17,EPL,2025-2026,Nott'm Forest,Brentford,3,1,H,home,1,1000.0,1000.0,0.0,0.0,0.0,0.0,0.0
2025-08-17,CL,2025-2026,Ipswich,Southampton,1,1,D,draw,0,1000.0,1010.0,-10.0,1.0,1.0,2.0,1.0
2025-08-17,EPL,2025-2026,Chelsea,Crystal Palace,0,0,D,draw,0,1000.0,1000.0,0.0,0.0,0.0,0.0,0.0
2025-08-18,EPL,2025-2026,Leeds,Everton,1,0,H,home,1,1000.0,1000.0,0.0,0.0,0.0,0.0,0.0
2025-08-22,EPL,2025-2026,West Ham,Chelsea,1,5,A,away,0,990.0,1000.0,-10.0,0.0,3.0,0.0,0.0
2025-08-22,CL,2025-2026,Derby,Bristol City,1,1,D,draw,0,980.28774368332,1010.0,-29.712256316680055,2.0,4.0,2.0,0.5
2025-08-23,CL,2025-2026,Swansea,Watford,1,1,D,draw,0,1000.0,1000.28774368332,-0.2877436833199454,0.5,0.5,1.0,1.0
2025-08-23,CL,2025-2026,Coventry,QPR,7,1,H,home,1,1009.71225631668,989.71225631668,20.0,2.5,1.5,1.0,1.5
2025-08-23,CL,2025-2026,Norwich,Middlesbrough,1,2,A,away,0,1000.5750112778454,1020.0,-19.42498872215458,1.5,1.5,2.0,0.0
2025-08-23,CL,2025-2026,Birmingham,Oxford,1,0,H,home,1,1009.71225631668,980.28774368332,29.42451263336011,1.5,1.0,1.0,2.0
2025-08-23,CL,2025-2026,Hull,Blackburn,0,3,A,away,0,1009.71225631668,980.28774368332,29.42451263336011,1.5,1.0,0.5,1.5
2025-08-23,CL,2025-2026,Charlton,Leicester,0,1,A,away,0,1010.0,999.71225631668,10.287743683319944,0.5,0.0,1.5,1.5
2025-08-23,CL,2025-2026,Preston,Ipswich,1,0,H,home,1,1010.28774368332,1000.28774368332,10.0,1.5,1.0,1.0,1.0
2025-08-23,EPL,2025-2026,Brentford,Aston Villa,1,0,H,home,1,990.0,1000.0,-10.0,1.0,3.0,0.0,0.0
2025-08-23,EPL,2025-2026,Bournemouth,Wolves,1,0,H,home,1,990.0,990.0,0.0,2.0,4.0,0.0,4.0
2025-08-23,CL,2025-2026,Sheffield United,Millwall,0,1,A,away,0,980.0,1000.0,-20.0,0.5,2.5,1.0,2.0
2025-08-23,CL,2025-2026,West Brom,Portsmouth,1,1,D,draw,0,1019.4249887221546,999.4249887221546,20.0,2.0,1.0,1.0,1.0
2025-08-23,CL,2025-2026,Southampton,Stoke,1,2,A,away,0,1009.71225631668,1019.4249887221546,-9.712732405474526,1.5,1.0,3.0,0.5
2025-08-23,EPL,2025-2026,Burnley,Sunderland,2,0,H,home,1,990.0,1010.0,-20.0,0.0,3.0,3.0,0.0
2025-08-23,EPL,2025-2026,Arsenal,Leeds,5,0,H,home,1,1010.0,1010.0,0.0,1.0,0.0,1.0,0.0
2025-08-23,EPL,2025-2026,Man City,Tottenham,0,2,A,away,0,1010.0,1010.0,0.0,4.0,0.0,3.0,0.0
2025-08-23,CL,2025-2026,Wrexham,Sheffield Weds,2,2,D,draw,0,980.5750112778454,980.5750112778454,0.0,1.5,2.5,0.5,2.5
2025-08-24,EPL,2025-2026,Crystal Palace,Nott'm Forest,1,1,D,draw,0,1000.0,1010.0,-10.0,0.0,0.0,3.0,1.0
2025-08-24,EPL,2025-2026,Everton,Brighton,2,0,H,home,1,990.0,1000.0,-10.0,0.0,1.0,1.0,1.0
2025-08-24,EPL,2025-2026,Fulham,Man United,1,1,D,draw,0,1000.0,990.0,10.0,1.0,1.0,0.0,1.0
2025-08-25,EPL,2025-2026,Newcastle,Liverpool,2,3,A,away,0,1000.0,1010.0,-10.0,0.0,0.0,4.0,2.0
2025-08-29,CL,2025-2026,Leicester,Birmingham,2,0,H,home,1,1010.0082748727184,1018.8673697795948,-8.859094906876635,1.3333333333333333,1.0,1.3333333333333333,0.6666666666666666
2025-08-30,CL,2025-2026,Stoke,West Brom,0,1,A,away,0,1029.1455066137205,1018.8499774443092,10.295529169411338,2.6666666666666665,0.6666666666666666,1.6666666666666667,1.0
2025-08-30,EPL,2025-2026,Chelsea,Fulham,2,0,H,home,1,1009.71225631668,999.71225631668,10.0,2.5,0.5,1.0,1.0
2025-08-30,EPL,2025-2026,Man United,Burnley,3,2,H,home,1,990.28774368332,1000.5750112778454,-10.287267594525474,0.5,1.0,1.0,1.5
2025-08-30,EPL,2025-2026,Sunderland,Brentford,2,1,H,home,1,999.4249887221546,1000.28774368332,-0.8627549611653649,1.5,1.0,1.0,1.5
2025-08-30,EPL,2025-2026,Tottenham,Bournemouth,0,1,A,away,0,1020.0,1000.0,20.0,2.5,0.0,1.5,2.0
2025-08-30,EPL,2025-2026,Wolves,Everton,2,3,A,away,0,980.0,1000.28774368332,-20.287743683319945,0.0,2.5,1.0,0.5
2025-08-30,EPL,2025-2026,Leeds,Newcastle,0,0,D,draw,0,1000.0,990.28774368332,9.712256316680056,0.5,2.5,1.0,1.5
2025-08-30,CL,2025-2026,Watford,Southampton,2,2,D,draw,0,1000.2794617562656,999.991738425114,0.2877233311515965,1.0,1.0,1.3333333333333333,1.3333333333333333
2025-08-30,CL,2025-2026,Sheffield Weds,Swansea,0,2,A,away,0,980.5750112778454,1000.0082819270542,-19.433270649208794,1.0,2.3333333333333335,0.6666666666666666,0.6666666666666666
2025-08-30,CL,2025-2026,Portsmouth,Preston,1,0,H,home,1,1000.0,1020.0,-20.0,1.0,1.0,1.3333333333333333,0.6666666666666666
2025-08-30,CL,2025-2026,Millwall,Wrexham,0,2,A,away,0,1009.4249887221546,980.5750112778454,28.84997744430916,1.0,1.3333333333333333,1.6666666666666667,2.3333333333333335
2025-08-30,CL,2025-2026,Ipswich,Derby,2,2,D,draw,0,990.57548736664,981.140852452976,9.434634913664013,0.6666666666666666,1.0,1.6666666666666667,3.0
2025-08-30,CL,2025-2026,Bristol City,Hull,4,2,H,home,1,1009.146891230344,998.8673697795948,10.279521450749144,1.6666666666666667,0.6666666666666666,1.0,1.6666666666666667
2025-08-30,CL,2025-2026,Blackburn,Norwich,0,2,A,away,0,991.1326302204052,991.1335255669508,-0.0008953465456897,1.3333333333333333,1.0,1.3333333333333333,1.6666666666666667
2025-08-30,CL,2025-2026,QPR,Charlton,3,1,H,home,1,980.2872675945256,999.7039814439618,-19.41671384943629,1.0,3.3333333333333335,0.3333333333333333,0.3333333333333333
2025-08-30,CL,2025-2026,Middlesbrough,Sheffield United,1,0,H,home,1,1029.4414857108948,970.5750112778454,58.86647443304935,2.0,0.3333333333333333,0.3333333333333333,2.0
2025-08-30,CL,2025-2026,Oxford,Coventry,2,2,D,draw,0,971.1326302204052,1019.1372450388346,-48.00461481842956,0.6666666666666666,1.6666666666666667,4.0,1.3333333333333333
2025-08-31,EPL,2025-2026,Aston Villa,Crystal Palace,0,3,A,away,0,989.71225631668,1000.28774368332,-10.57548736663989,0.0,0.5,0.5,0.5
2025-08-31,EPL,2025-2026,Nott'm Forest,West Ham,0,3,A,away,0,1009.71225631668,980.28774368332,29.42451263336011,2.0,1.0,0.5,4.0
2025-08-31,EPL,2025-2026,Liverpool,Arsenal,1,0,H,home,1,1019.71225631668,1020.0,-0.2877436833199454,3.5,2.0,3.0,0.0
2025-08-31,EPL,2025-2026,Brighton,Man City,2,1,H,home,1,989.71225631668,1000.0,-10.287743683319944,0.5,1.5,2.0,1.0
2025-09-12,CL,2025-2026,Ipswich,Sheffield United,5,0,H,home,1,990.30400347249,962.2532957687904,28.05070770369969,1.0,1.25,0.25,1.75
2025-09-13,EPL,2025-2026,Arsenal,Nott'm Forest,3,0,H,home,1,1009.9917180729458,998.8673697795948,11.124348293350865,2.0,0.3333333333333333,1.3333333333333333,1.6666666666666667
2025-09-13,CL,2025-2026,Charlton,Millwall,1,1,D,draw,0,989.1457045822112,998.5965228736328,-9.450818291421683,0.5,1.0,0.75,1.5
2025-09-13,EPL,2025-2026,Newcastle,Wolves,1,0,H,home,1,990.56721209952,970.5832654286248,19.98394667089508,0.6666666666666666,1.0,0.6666666666666666,2.6666666666666665
2025-09-13,CL,2025-2026,Watford,Blackburn,0,1,A,away,0,1000.2711804149936,981.1326559905502,19.138524424443403,1.25,1.25,1.0,1.25
2025-09-13,EPL,2025-2026,Everton,Aston Villa,0,0,D,draw,0,1009.7044782546952,980.0165493397122,29.687928914982876,1.6666666666666667,1.0,0.0,1.3333333333333333
2025-09-13,EPL,2025-2026,Crystal Palace,Sunderland,0,0,D,draw,0,1009.9834506602878,1009.44982075502,0.5336299052678442,1.3333333333333333,0.3333333333333333,1.6666666666666667,1.0
2025-09-13,EPL,2025-2026,Bournemouth,Brighton,2,1,H,home,1,1010.5750112778454,1000.0082748727184,10.56673640512713,1.3333333333333333,1.3333333333333333,1.0,1.3333333333333333
2025-09-13,EPL,2025-2026,West Ham,Tottenham,0,3,A,away,0,991.1326302204052,1009.4249887221546,-18.292358501749504,1.3333333333333333,2.6666666666666665,1.6666666666666667,0.3333333333333333
2025-09-13,CL,2025-2026,Oxford,Leicester,2,2,D,draw,0,972.5055883796948,1020.263204873803,-47.75761649410822,1.0,1.75,1.5,0.75
2025-09-13,CL,2025-2026,Preston,Middlesbrough,2,2,D,draw,0,1009.4249887221546,1037.76320121995,-28.338212497795325,1.0,0.75,1.75,0.25
2025-09-13,CL,2025-2026,Sheffield Weds,Bristol City,0,3,A,away,0,971.13376319608,1018.8511091219748,-47.71734592589485,0.75,2.25,2.25,1.0
2025-09-13,CL,2025-2026,Stoke,Birmingham,1,0,H,home,1,1018.8492641698864,1008.6124397785102,10.236824391376215,2.0,0.75,1.0,1.0
2025-09-13,CL,2025-2026,Swansea,Hull,2,2,D,draw,0,1009.4495300088196,989.1631518879642,20.28637812085549,1.0,0.5,1.25,2.25
2025-09-13,CL,2025-2026,Wrexham,QPR,1,3,A,away,0,991.4034771263672,990.845544456276,0.5579326700910769,1.75,1.75,1.5,2.75
2025-09-13,CL,2025-2026,West Brom,Derby,0,1,A,away,0,1029.1462198881432,981.4123363471258,47.73388354101735,1.5,0.75,1.75,2.75
2025-09-13,EPL,2025-2026,Brentford,Chelsea,2,2,D,draw,0,990.2629116504546,1019.42451263336,-29.161600982905497,1.0,1.6666666666666667,2.3333333333333335,0.3333333333333333
2025-09-13,CL,2025-2026,Coventry,Norwich,1,1,D,draw,0,1017.7642868795448,1001.1334997968056,16.63078708273929,3.5,1.5,1.5,1.25
2025-09-13,EPL,2025-2026,Fulham,Leeds,1,0,H,home,1,990.0,999.7205315838,-9.72053158380004,0.6666666666666666,1.3333333333333333,0.3333333333333333,1.6666666666666667
2025-09-14,CL,2025-2026,Southampton,Portsmouth,0,0,D,draw,0,1000.0000197663862,1010.5750112778454,-10.574991511459189,1.5,1.5,1.0,0.75
2025-09-14,EPL,2025-2026,Man City,Man United,3,0,H,home,1,989.7039814439618,1000.583748548428,-10.879767104466282,1.6666666666666667,1.3333333333333333,1.3333333333333333,1.3333333333333333
2025-09-14,EPL,2025-2026,Burnley,Liverpool,0,1,A,away,0,990.2790064127372,1029.7205382437342,-39.44153183099684,1.3333333333333333,2.0,2.6666666666666665,1.3333333333333333
2025-09-19,CL,2025-2026,Middlesbrough,West Brom,2,1,H,home,1,1036.9493658267572,1017.7809079324402,19.168457894317044,1.8,0.6,1.2,0.8
2025-09-20,CL,2025-2026,Birmingham,Swansea,1,0,H,home,1,998.9069940374133,1008.8663037505391,-9.959309713126004,0.8,1.0,1.2,0.8
2025-09-20,CL,2025-2026,Leicester,Coventry,0,0,D,draw,0,1018.8972225683616,1017.2859796044806,1.611242963881068,1.6,1.0,3.0,1.4
2025-09-20,CL,2025-2026,QPR,Stoke,1,0,H,home,1,1000.8616030355852,1028.554709910983,-27.69310687539803,1.8,2.4,1.8,0.6
2025-09-20,CL,2025-2026,Derby,Preston,0,1,A,away,0,992.7776483028288,1010.2388241153473,-17.461175812518377,1.6,2.2,1.2,1.0
2025-09-20,CL,2025-2026,Hull,Southampton,3,1,H,home,1,989.7463781462446,1000.3042985307734,-10.557920384528757,1.4,2.2,1.2,1.2
2025-09-20,CL,2025-2026,Norwich,Wrexham,2,3,A,away,0,1001.61180707187,981.387418547058,20.224388524811843,1.4,1.2,1.6,2.0
2025-09-20,EPL,2025-2026,Man United,Chelsea,2,1,H,home,1,990.2707059952372,1018.5871397635804,-28.31643376834336,1.0,1.75,2.25,0.75
2025-09-20,CL,2025-2026,Portsmouth,Sheffield Weds,0,2,A,away,0,1010.2707325134584,962.498608030756,47.77212448270211,0.8,0.6,0.6,2.4
2025-09-20,EPL,2025-2026,West Ham,Crystal Palace,1,2,A,away,0,981.65864067926,1009.968091569052,-28.309450889792288,1.0,2.75,1.0,0.25
2025-09-20,EPL,2025-2026,Burnley,Nott'm Forest,1,1,D,draw,0,981.4093733606704,989.187444890629,-7.778071529958424,1.0,1.75,1.0,2.0
2025-09-20,EPL,2025-2026,Brighton,Tottenham,2,2,D,draw,0,990.3123162558584,1018.8989782632998,-28.58666200744142,1.0,1.5,2.0,0.25
2025-09-20,EPL,2025-2026,Liverpool,Everton,2,1,H,home,1,1038.590171295801,1008.8520645920868,29.738106703714152,2.25,1.0,1.25,0.75
2025-09-20,EPL,2025-2026,Wolves,Leeds,1,3,A,away,0,961.1578161810124,989.4408251724504,-28.283008991437896,0.5,2.25,0.25,1.5
2025-09-20,CL,2025-2026,Sheffield United,Charlton,0,1,A,away,0,953.058910365062,989.4176539275196,-36.35874356245756,0.2,2.4,0.6,1.0
2025-09-20,EPL,2025-2026,Fulham,Brentford,3,1,H,home,1,1000.2797064113496,991.1002845202344,9.17942189111534,0.75,1.0,1.25,1.75
2025-09-21,EPL,2025-2026,Bournemouth,Newcastle,0,0,D,draw,0,1020.2709698947052,999.9926613471322,20.278308547573147,1.5,1.25,0.75,0.75
2025-09-21,EPL,2025-2026,Sunderland,Aston Villa,1,1,D,draw,0,1009.4651798462556,980.8689630023206,28.59621684393494,1.25,0.75,0.0,1.0
2025-09-21,EPL,2025-2026,Arsenal,Man City,1,1,D,draw,0,1019.6716429619116,1000.0170239971528,19.65461896475904,2.25,0.25,2.0,1.0
2025-09-21,CL,2025-2026,Bristol City,Oxford,1,3,A,away,0,1027.4862642872986,973.871570685136,53.61469360216245,2.4,0.8,1.2,1.8
2025-09-22,CL,2025-2026,Millwall,Watford,1,0,H,home,1,998.3245735283244,989.7208858881824,8.603687640141857,0.8,1.4,1.0,1.2
2025-09-26,CL,2025-2026,West Brom,Leicester,1,1,D,draw,0,1008.3320614007016,1018.8508476004456,-10.518786199744229,1.2,1.2,1.2,0.8
2025-09-27,EPL,2025-2026,Nott'm Forest,Sunderland,0,1,A,away,0,988.9636113886728,1008.6439681224206,-19.68035673374777,1.0,1.8,1.2,0.8
2025-09-27,CL,2025-2026,Swansea,Millwall,1,1,D,draw,0,998.579730262078,1008.0769900981554,-9.49725983607732,1.2,0.8,0.6,1.2
2025-09-27,EPL,2025-2026,Leeds,Bournemouth,2,2,D,draw,0,998.6285681606612,1019.6879751076854,-21.059406947024172,0.8,1.4,1.2,1.0
2025-09-27,EPL,2025-2026,Brentford,Man United,3,1,H,home,1,981.3644280620364,1001.0839186947834,-19.71949063274701,1.2,2.0,1.2,1.6
2025-09-27,EPL,2025-2026,Crystal Palace,Liverpool,2,1,H,home,1,1019.1550785240996,1047.7363239119254,-28.58124538782579,1.2,0.4,2.2,1.0
2025-09-27,CL,2025-2026,Coventry,Birmingham,3,0,H,home,1,1017.3323545723966,1009.1935675258744,8.138787046522225,3.0,1.4,0.8,0.8
2025-09-27,CL,2025-2026,Wrexham,Derby,1,1,D,draw,0,991.968866651878,983.2797986366174,8.689068015260432,2.0,2.0,1.4,1.8
2025-09-27,EPL,2025-2026,Man City,Burnley,5,1,H,home,1,1000.5821267148636,981.6332068626268,18.94891985223694,1.8,1.0,1.0,1.6
2025-09-27,EPL,2025-2026,Tottenham,Wolves,1,1,D,draw,0,1018.0780396957442,951.9700731928018,66.10796650294242,2.0,0.6,0.6,2.4
2025-09-27,EPL,2025-2026,Chelsea,Brighton,1,3,A,away,0,1007.7739270640342,991.133254823414,16.640672240620233,2.0,1.0,1.2,1.6
2025-09-27,CL,2025-2026,Preston,Bristol City,0,0,D,draw,0,1019.7366737815584,1015.9552429846908,3.7814307968675394,1.2,0.8,1.8,1.2
2025-09-27,CL,2025-2026,Oxford,Sheffield United,0,1,A,away,0,985.4025919877438,944.101595619348,41.30099636839577,1.8,1.8,0.0,1.8
2025-09-27,CL,2025-2026,Ipswich,Portsmouth,2,1,H,home,1,999.4983888762182,998.9043404284116,0.5940484478064718,1.8,1.0,0.6,1.0
2025-09-27,CL,2025-2026,Charlton,Blackburn,3,0,H,home,1,998.3749686732336,991.6829505173614,6.692018155872233,0.6,1.0,1.0,1.0
2025-09-27,CL,2025-2026,Southampton,Middlesbrough,1,1,D,draw,0,990.0005106587336,1046.398212358496,-56.397701699762365,1.0,1.6,2.0,0.8
2025-09-27,CL,2025-2026,Sheffield Weds,QPR,1,1,D,draw,0,973.8650001158028,1011.656991008656,-37.79199089285339,0.8,2.0,1.8,2.2
2025-09-27,CL,2025-2026,Watford,Hull,2,1,H,home,1,979.9684693183514,1000.0501660182844,-20.08169669993299,1.0,1.2,2.0,2.4
2025-09-27,CL,2025-2026,Stoke,Norwich,1,1,D,draw,0,1017.7593219379124,991.03035896705,26.72896297086254,1.2,0.6,1.6,1.4
2025-09-28,EPL,2025-2026,Aston Villa,Fulham,3,1,H,home,1,981.6901747261556,1010.0155628695476,-28.325388143391933,0.2,1.0,1.2,1.0
2025-09-28,EPL,2025-2026,Newcastle,Arsenal,1,2,A,away,0,1000.5756561341522,1019.1065402442008,-18.53088411004865,0.6,0.6,2.0,0.4
2025-09-29,EPL,2025-2026,Everton,West Ham,1,1,D,draw,0,999.7059119759624,972.4716537242124,27.234258251749907,1.2,1.0,1.0,2.6
2025-09-30,CL,2025-2026,Leicester,Wrexham,1,1,D,draw,0,1018.5481850651372,991.718827298317,26.82935776682018,1.2,0.6,1.8,1.6
2025-09-30,CL,2025-2026,Bristol City,Ipswich,1,1,D,draw,0,1016.0640770145992,1009.4812908041246,6.582786210474751,1.8,1.2,2.0,1.0
2025-09-30,CL,2025-2026,Birmingham,Sheffield Weds,2,2,D,draw,0,999.4277778084528,974.948471279134,24.479306529319047,0.4,1.2,1.0,1.6
2025-09-30,CL,2025-2026,Blackburn,Swansea,1,2,A,away,0,981.875538467292,998.8530153090562,-16.977476841764314,1.0,1.4,1.2,1.0
2025-09-30,CL,2025-2026,Hull,Preston,2,2,D,draw,0,989.4728111268148,1019.62783975165,-30.155028624835268,1.6,2.4,0.8,0.6
2025-09-30,CL,2025-2026,Sheffield United,Southampton,1,2,A,away,0,955.28476597341,991.6096582925446,-36.32489231913462,0.2,1.6,1.0,1.6
2025-09-30,CL,2025-2026,Derby,Charlton,1,1,D,draw,0,983.5298379901784,1008.1823807233033,-24.652542733124847,1.0,1.0,1.2,1.0
2025-09-30,CL,2025-2026,Middlesbrough,Stoke,0,0,D,draw,0,1044.7890647246852,1016.9915147139998,27.797550010685427,1.6,1.0,0.8,0.8
2025-10-01,CL,2025-2026,Portsmouth,Watford,2,2,D,draw,0,988.9214385005054,990.5458242098208,-1.6243857093155611,0.6,1.0,1.0,1.2
2025-10-01,CL,2025-2026,Norwich,West Brom,0,1,A,away,0,991.7981661909628,1008.63472393601,-16.83655774504723,1.4,1.4,0.8,1.0
2025-10-01,CL,2025-2026,QPR,Oxford,0,0,D,draw,0,1010.5735198453248,974.2194216336818,36.35409821164308,1.8,2.0,1.4,1.4
2025-10-01,CL,2025-2026,Millwall,Coventry,0,4,A,away,0,1007.8037050511772,1027.098144289818,-19.294439238640734,0.8,0.8,2.6,0.8
2025-10-03,CL,2025-2026,Wrexham,Birmingham,1,1,D,draw,0,992.4895070179596,998.7243702974678,-6.23486327950809,1.6,1.4,0.6,1.6
2025-10-03,EPL,2025-2026,Bournemouth,Fulham,3,1,H,home,1,1019.0825778873764,999.2020941472975,19.880483740078603,1.2,0.6,1.2,1.4
2025-10-04,EPL,2025-2026,Arsenal,West Ham,2,0,H,home,1,1028.5736837102197,973.2539171525332,55.319766557686194,2.2,0.6,1.2,2.2
2025-10-04,CL,2025-2026,Portsmouth,Middlesbrough,1,0,H,home,1,988.9681917388408,1043.9906897259923,-55.02249798715161,0.8,1.2,1.2,0.8
2025-10-04,EPL,2025-2026,Leeds,Tottenham,1,2,A,away,0,999.2339653809704,1016.19793413494,-16.963968753969652,1.0,1.8,1.6,0.8
2025-10-04,CL,2025-2026,Watford,Oxford,2,1,H,home,1,990.4990709714854,975.2619746374584,15.237096334026887,1.2,1.4,1.4,1.2
2025-10-04,CL,2025-2026,Swansea,Leicester,1,3,A,away,0,1008.364752807726,1017.7775053454944,-9.412752537768595,1.4,1.0,1.2,0.8
2025-10-04,CL,2025-2026,Preston,Charlton,2,0,H,home,1,1018.76208110291,1007.4740119185038,11.288069184406254,1.0,1.0,1.4,1.0
2025-10-04,EPL,2025-2026,Chelsea,Liverpool,2,1,H,home,1,997.2953359225552,1036.915540196721,-39.62020427416587,2.2,1.6,1.6,1.0
2025-10-04,CL,2025-2026,Bristol City,QPR,1,2,A,away,0,1015.8746318656148,1009.5309668415482,6.343665024066581,1.8,1.2,1.6,0.6
2025-10-04,CL,2025-2026,Hull,Sheffield United,1,0,H,home,1,990.3385697755548,946.326487493508,44.01208228204678,2.0,2.2,0.4,1.8
2025-10-04,CL,2025-2026,Millwall,West Brom,3,0,H,home,1,998.3584734667928,1018.1505078227729,-19.792034355980036,0.6,1.6,0.8,0.8
2025-10-04,EPL,2025-2026,Man United,Sunderland,2,0,H,home,1,990.5169548026346,1018.0781269809172,-27.561172178282504,1.4,2.0,0.8,0.8
2025-10-04,CL,2025-2026,Sheffield Weds,Coventry,0,5,A,away,0,975.651878790119,1036.5433758742026,-60.89149708408365,1.0,1.6,2.0,0.6
2025-10-04,CL,2025-2026,Blackburn,Stoke,1,1,D,draw,0,972.3638009686222,1017.7898897126925,-45.42608874407017,1.0,1.4,0.4,0.6
2025-10-04,CL,2025-2026,Derby,Southampton,1,1,D,draw,0,984.2382067949776,1000.5679367724466,-16.329729977469015,1.0,1.0,1.2,1.4
2025-10-05,CL,2025-2026,Ipswich,Norwich,3,1,H,home,1,1009.6707359531092,982.2823823042,27.388353648909177,2.0,1.0,1.2,1.2
2025-10-05,EPL,2025-2026,Brentford,Man City,0,1,A,away,0,991.9313919541852,1010.0372730832854,-18.105881129100226,1.6,1.6,2.0,1.2
2025-10-05,EPL,2025-2026,Wolves,Brighton,1,1,D,draw,0,953.850178753606,1001.6118459648932,-47.76166721128698,0.8,1.8,1.6,1.6
2025-10-05,EPL,2025-2026,Newcastle,Nott'm Forest,2,0,H,home,1,991.1085126681334,979.5294525301764,11.579060137957072,0.8,1.0,0.4,1.8
2025-10-05,EPL,2025-2026,Everton,Crystal Palace,2,1,H,home,1,998.9236485476414,1029.9758622393042,-31.052213691662818,1.4,1.0,1.6,0.6
2025-10-05,EPL,2025-2026,Aston Villa,Burnley,2,1,H,home,1,992.5036434484052,972.1780604942048,20.3255829542004,0.8,1.2,1.2,2.0
2025-10-17,CL,2025-2026,Middlesbrough,Ipswich,2,1,H,home,1,1032.4201231013906,1018.8840645966794,13.53605850471115,1.0,1.0,2.6,1.0
2025-10-18,EPL,2025-2026,Nott'm Forest,Chelsea,0,3,A,away,0,969.8626013369668,1008.4307794726438,-38.56817813567704,0.2,2.0,1.6,1.6
2025-10-18,EPL,2025-2026,Sunderland,Wolves,2,0,H,home,1,1007.2865124836152,955.2162754724344,52.07023701118101,0.8,0.8,1.0,1.8
2025-10-18,EPL,2025-2026,Brighton,Newcastle,2,1,H,home,1,1000.2457492460647,1000.7753638613428,-0.5296146152779784,1.8,1.4,0.8,0.4
2025-10-18,CL,2025-2026,Stoke,Wrexham,1,0,H,home,1,1016.4898214517953,992.6689415474292,23.820879904365825,0.6,0.6,1.4,1.6
2025-10-18,EPL,2025-2026,Man City,Everton,2,0,H,home,1,1019.5166151747782,1009.8150309191824,9.701584255595662,2.2,0.8,1.4,1.2
2025-10-18,CL,2025-2026,QPR,Millwall,1,2,A,away,0,1019.713531911001,1008.927518598711,10.786013312290038,1.4,0.6,1.2,1.2
2025-10-18,EPL,2025-2026,Burnley,Leeds,2,0,H,home,1,962.7624113125854,989.7218400144304,-26.959428701845127,1.0,2.4,1.2,1.2
2025-10-18,CL,2025-2026,West Brom,Preston,2,1,H,home,1,1007.5814626908548,1028.437298624811,-20.855835933956655,0.6,1.4,1.4,0.8
2025-10-18,EPL,2025-2026,Crystal Palace,Bournemouth,3,3,D,draw,0,1019.0844798677632,1028.5109952578998,-9.426515390136728,1.6,0.8,1.6,0.8
2025-10-18,CL,2025-2026,Sheffield United,Watford,1,0,H,home,1,937.5865242918138,1000.06079303515,-62.47426874333632,0.4,1.8,1.2,1.2
2025-10-18,CL,2025-2026,Southampton,Swansea,0,0,D,draw,0,1000.0982751497042,998.6356073395972,1.46266781010695,1.0,1.2,1.2,1.6
2025-10-18,CL,2025-2026,Norwich,Bristol City,0,1,A,away,0,973.0690536606296,1005.692066796162,-32.62301313553235,1.0,1.8,1.2,1.2
2025-10-18,CL,2025-2026,Oxford,Derby,1,0,H,home,1,965.7002525737936,984.70786841772,-19.00761584392626,1.2,1.2,0.8,0.8
2025-10-18,CL,2025-2026,Leicester,Portsmouth,1,1,D,draw,0,1027.5066508136233,1000.5387583634428,26.967892450180557,1.4,1.0,0.8,1.2
2025-10-18,CL,2025-2026,Birmingham,Hull,2,3,A,away,0,998.544935767998,999.078532977249,-0.5335972092508428,0.8,1.4,1.8,1.4
2025-10-18,CL,2025-2026,Charlton,Sheffield Weds,2,1,H,home,1,997.7987943966028,967.386750451304,30.412043945298706,1.2,0.8,1.0,2.2
2025-10-18,CL,2025-2026,Coventry,Blackburn,2,0,H,home,1,1044.8085042130176,973.6638692295194,71.14463498349824,2.6,0.2,0.6,1.6
2025-10-18,EPL,2025-2026,Fulham,Arsenal,0,1,A,away,0,989.773676776774,1036.9947731826642,-47.221096405890194,1.2,1.8,1.6,0.6
2025-10-19,EPL,2025-2026,Liverpool,Man United,1,2,A,away,0,1025.7800966466325,1001.3085692999364,24.471527346695893,1.2,1.0,1.6,1.8
2025-10-19,EPL,2025-2026,Tottenham,Aston Villa,1,2,A,away,0,1025.7100595014797,1001.9192926300248,23.79076687145482,1.6,1.0,1.2,1.2
2025-10-20,EPL,2025-2026,West Ham,Brentford,0,2,A,away,0,964.8328276800886,982.4520498626924,-17.619222182603835,1.0,1.6,1.4,1.8
2025-10-21,CL,2025-2026,Blackburn,Sheffield United,1,3,A,away,0,965.6834276223816,949.365545454905,16.317882167476682,0.6,1.6,0.6,0.8
2025-10-21,CL,2025-2026,Ipswich,Charlton,0,3,A,away,0,1009.2734666770936,1006.9256941708628,2.3477725062308537,2.4,1.0,1.4,0.8
2025-10-21,CL,2025-2026,Bristol City,Southampton,3,1,H,home,1,1014.7558507875748,1000.056176434718,14.699674352856732,0.8,1.2,1.0,1.2
2025-10-21,CL,2025-2026,Preston,Birmingham,0,1,A,away,0,1017.8377393811965,988.5602939181688,29.277445463027448,1.2,0.8,1.2,1.8
2025-10-21,CL,2025-2026,Hull,Leicester,2,1,H,home,1,1009.0631748270782,1026.7320075500268,-17.668832722948537,2.0,1.4,1.2,0.8
2025-10-21,CL,2025-2026,Portsmouth,Coventry,1,2,A,away,0,1001.3134016270392,1052.7889458201553,-51.47554419311598,1.0,1.4,2.8,0.0
2025-10-21,CL,2025-2026,Millwall,Stoke,2,0,H,home,1,1019.237865322506,1025.805273707573,-6.567408385067097,1.4,1.2,0.6,0.6
2025-10-21,CL,2025-2026,Derby,Norwich,1,0,H,home,1,974.1613304104832,964.0052696692168,10.156060741266288,0.6,1.0,0.8,1.8
2025-10-22,CL,2025-2026,Sheffield Weds,Middlesbrough,0,1,A,away,0,958.259850677044,1042.0307210209764,-83.77087034393242,1.2,2.0,1.0,0.8
2025-10-22,CL,2025-2026,Wrexham,Oxford,1,0,H,home,1,983.3534892916516,976.2467905810304,7.106698710621004,1.2,1.2,1.0,0.8
2025-10-22,CL,2025-2026,Swansea,QPR,0,1,A,away,0,998.6777060545836,1009.4031851872062,-10.72547913262258,0.8,1.2,1.0,0.8
2025-10-22,CL,2025-2026,Watford,West Brom,2,1,H,home,1,988.2817718720588,1018.1810219344696,-29.899250062410715,1.2,1.2,1.0,1.4
2025-10-24,EPL,2025-2026,Leeds,West Ham,2,1,H,home,1,978.9474388957368,955.339515379738,23.607923515998664,1.2,1.6,0.4,2.0
2025-10-24,CL,2025-2026,Preston,Sheffield United,3,2,H,home,1,1006.9970557115088,959.8348668219202,47.16218888958849,1.0,1.0,1.2,0.8
2025-10-25,EPL,2025-2026,Chelsea,Sunderland,1,2,A,away,0,1017.3252354810294,1015.7989315029826,1.5263039780468262,1.8,1.6,0.8,0.6
2025-10-25,EPL,2025-2026,Newcastle,Fulham,2,1,H,home,1,990.7601203391724,981.1245017463878,9.635618592784796,1.0,0.8,1.2,1.6
2025-10-25,EPL,2025-2026,Man United,Brighton,4,2,H,home,1,1012.0117540155276,1010.2609927682352,1.7507612472925302,1.4,1.6,1.8,1.4
2025-10-25,EPL,2025-2026,Brentford,Liverpool,3,2,H,home,1,991.9453621630428,1015.076911931041,-23.13154976799808,1.6,1.4,1.2,1.4
2025-10-25,CL,2025-2026,Coventry,Watford,3,1,H,home,1,1061.3181069477969,999.1402233378064,62.17788360999043,3.2,0.2,1.6,1.2
2025-10-25,CL,2025-2026,Hull,Charlton,1,1,D,draw,0,1019.5712867566488,1016.9932674670174,2.57801928963147,1.8,1.4,1.8,0.8
2025-10-25,CL,2025-2026,Bristol City,Birmingham,1,0,H,home,1,1024.333012421087,999.4009775878566,24.932034833230432,1.2,0.8,1.2,1.8
2025-10-25,CL,2025-2026,Ipswich,West Brom,1,0,H,home,1,999.2058933809388,1007.322570468722,-8.116677087783273,1.4,1.6,1.0,1.4
2025-10-25,CL,2025-2026,Portsmouth,Stoke,0,1,A,away,0,992.7842404993976,1015.6162710095032,-22.832030510105596,1.2,1.4,0.6,0.8
2025-10-25,CL,2025-2026,Derby,QPR,1,0,H,home,1,983.8690987153074,1019.0945791084412,-35.22548039313381,0.8,0.8,1.0,0.8
2025-10-25,CL,2025-2026,Middlesbrough,Wrexham,1,1,D,draw,0,1049.6652634795382,993.148970582712,56.51629289682637,0.8,0.6,0.8,0.8
2025-10-25,CL,2025-2026,Millwall,Leicester,1,0,H,home,1,1029.4268680205755,1016.223895620456,13.202972400119393,1.6,1.2,1.4,1.2
2025-10-25,CL,2025-2026,Sheffield Weds,Oxford,1,2,A,away,0,950.6253082184822,966.45130928997,-15.826001071487894,0.8,2.2,0.4,0.8
2025-10-25,CL,2025-2026,Swansea,Norwich,2,1,H,home,1,988.9863121333486,954.2975013643928,34.68881076895593,0.8,1.2,0.4,1.4
2025-10-25,CL,2025-2026,Blackburn,Southampton,2,1,H,home,1,955.2141062553666,990.4790148012056,-35.264908545839035,0.6,2.2,1.0,1.2
2025-10-26,EPL,2025-2026,Wolves,Burnley,2,3,A,away,0,946.703856453067,973.5368124312791,-26.832955978212112,0.6,1.6,1.0,1.8
2025-10-26,EPL,2025-2026,Arsenal,Crystal Palace,1,0,H,home,1,1045.6439482130504,1019.355730235336,26.28821797771434,1.8,0.4,1.6,1.4
2025-10-26,EPL,2025-2026,Bournemouth,Nott'm Forest,2,0,H,home,1,1028.2397448903268,960.9681453285812,67.27159956174557,2.0,1.4,0.2,2.0
2025-10-26,EPL,2025-2026,Aston Villa,Man City,1,0,H,home,1,1012.6029777078838,1029.237453685546,-16.634475977662305,1.6,0.8,2.4,0.4
2025-10-26,EPL,2025-2026,Everton,Tottenham,0,3,A,away,0,1000.0941924084146,1015.0263744236208,-14.93218201520608,0.8,1.2,1.8,1.2
2025-10-31,CL,2025-2026,Wrexham,Coventry,3,2,H,home,1,994.7614429795672,1069.5473476984912,-74.78590471892403,0.8,0.8,3.2,0.4
2025-11-01,CL,2025-2026,Southampton,Preston,0,2,A,away,0,979.4674804905096,1015.6478953364482,-36.18041484593857,1.0,1.4,1.6,1.4
2025-11-01,EPL,2025-2026,Brighton,Leeds,3,0,H,home,1,1000.3113833010898,988.2689920616948,12.042391239394988,2.0,1.8,1.6,1.6
2025-11-01,EPL,2025-2026,Crystal Palace,Brentford,2,0,H,home,1,1010.1109253624531,1002.6101597083224,7.500765654130646,1.6,1.6,1.8,1.4
2025-11-01,EPL,2025-2026,Nott'm Forest,Man United,2,2,D,draw,0,952.8805386132096,1021.961363482673,-69.08082486946341,0.2,1.8,2.2,1.4
2025-11-01,EPL,2025-2026,Burnley,Arsenal,0,2,A,away,0,982.7660297619902,1054.888753085933,-72.12272332394309,1.6,2.0,1.4,0.4
2025-11-01,CL,2025-2026,QPR,Ipswich,1,4,A,away,0,1008.0841680324576,1009.4394676358831,-1.3552996034255784,0.8,0.8,1.2,1.4
2025-11-01,CL,2025-2026,Sheffield United,Derby,1,3,A,away,0,951.1840271969808,994.8795097912908,-43.69548259431019,1.4,1.4,0.8,0.6
2025-11-01,CL,2025-2026,Stoke,Bristol City,5,1,H,home,1,1024.960056710866,1033.6166400106513,-8.656583299785325,0.6,0.6,1.4,0.8
2025-11-01,EPL,2025-2026,Fulham,Wolves,3,0,H,home,1,971.4017660608242,937.474639122356,33.92712693846829,1.2,2.0,1.0,2.0
2025-11-01,CL,2025-2026,Leicester,Blackburn,0,2,A,away,0,1006.6037248948252,966.2256405660626,40.378084328762725,1.2,1.2,1.0,1.8
2025-11-01,CL,2025-2026,West Brom,Sheffield Weds,0,0,D,draw,0,997.0889962137776,941.0805023638936,56.00849384988408,0.8,1.4,0.8,2.4
2025-11-01,CL,2025-2026,Norwich,Hull,0,2,A,away,0,945.292621171501,1019.4970867586,-74.2044655870991,0.4,1.6,1.8,1.2
2025-11-01,CL,2025-2026,Birmingham,Portsmouth,4,0,H,home,1,990.1173499982924,983.440454798035,6.676895200257377,1.2,1.4,1.0,1.2
2025-11-01,EPL,2025-2026,Tottenham,Chelsea,0,1,A,away,0,1024.5968561036584,1007.2813052037912,17.315550899867162,1.8,1.2,1.6,1.6
2025-11-01,CL,2025-2026,Watford,Middlesbrough,3,0,H,home,1,990.910982587112,1048.052791082683,-57.1418084955709,1.4,1.6,0.8,0.6
2025-11-01,EPL,2025-2026,Liverpool,Aston Villa,2,0,H,home,1,1004.4121143857614,1023.0813909149203,-18.669276529158992,1.4,2.0,1.8,0.8
2025-11-01,CL,2025-2026,Charlton,Swansea,1,1,D,draw,0,1017.0674674650662,997.9911923262404,19.07627513882585,1.4,1.0,1.0,1.2
2025-11-01,CL,2025-2026,Oxford,Millwall,2,2,D,draw,0,975.9961151445588,1039.0470387462062,-63.05092360164747,0.8,0.8,1.6,1.0
2025-11-02,EPL,2025-2026,West Ham,Newcastle,3,1,H,home,1,946.0179622137802,1000.482856024736,-54.464893810955914,0.6,1.8,1.2,1.0
2025-11-02,EPL,2025-2026,Man City,Bournemouth,3,1,H,home,1,1018.7590404785096,1036.3273516056984,-17.568311127188736,1.8,0.6,2.0,1.2
2025-11-03,EPL,2025-2026,Sunderland,Everton,1,1,D,draw,0,1025.8428617802206,990.5237107283768,35.31915105184373,1.2,0.8,0.8,1.8
2025-11-04,CL,2025-2026,Birmingham,Millwall,4,0,H,home,1,999.9251971609348,1037.251950176871,-37.32675301593645,1.6,1.0,2.0,0.6
2025-11-04,CL,2025-2026,Bristol City,Blackburn,0,1,A,away,0,1023.3675350599924,977.3826110644844,45.9849239955081,1.4,1.6,1.2,1.4
2025-11-04,CL,2025-2026,Ipswich,Watford,1,1,D,draw,0,1019.4004591754514,1002.5409855514156,16.8594736240359,1.8,1.4,1.6,1.2
2025-11-04,CL,2025-2026,Charlton,West Brom,1,0,H,home,1,1016.518959208678,995.4907627777252,21.02819643095279,1.4,1.0,0.6,1.4
2025-11-04,CL,2025-2026,Derby,Hull,2,1,H,home,1,1003.6284418137768,1027.3932035188373,-23.764761705060437,1.2,0.6,1.8,0.8
2025-11-04,CL,2025-2026,Coventry,Sheffield United,3,1,H,home,1,1057.4274756923164,942.4350951744948,114.99238051782174,2.8,1.0,1.4,1.6
2025-11-04,CL,2025-2026,Leicester,Middlesbrough,1,1,D,draw,0,995.4467543964035,1036.4227881183797,-40.97603372197591,1.0,1.4,0.8,1.2
2025-11-04,CL,2025-2026,Oxford,Stoke,0,3,A,away,0,977.7912037138937,1035.2091616615248,-57.41795794763118,1.2,1.2,1.6,0.8
2025-11-05,CL,2025-2026,Preston,Swansea,2,1,H,home,1,1024.6102872640176,998.5397005826286,26.070586681389045,1.6,1.0,0.8,1.2
2025-11-05,CL,2025-2026,QPR,Southampton,1,2,A,away,0,998.1231764928896,970.50508856294,27.618087929949525,1.0,1.6,0.6,1.6
2025-11-05,CL,2025-2026,Portsmouth,Wrexham,0,0,D,draw,0,973.6326076353926,1006.881314985742,-33.24870735034938,0.6,1.6,1.2,1.0
2025-11-05,CL,2025-2026,Sheffield Weds,Norwich,1,1,D,draw,0,942.678735799946,937.3965044112638,5.282231388682362,0.4,2.0,0.4,1.8
2025-11-07,CL,2025-2026,Watford,Bristol City,1,1,D,draw,0,1003.0258596881,1012.0516574049508,-9.025797716850889,1.4,1.2,1.2,1.4
2025-11-08,EPL,2025-2026,Everton,Fulham,2,0,H,home,1,991.536790265001,980.4283568825742,11.10843338242671,0.8,1.6,1.2,1.8
2025-11-08,CL,2025-2026,Swansea,Ipswich,1,4,A,away,0,989.2886672081262,1018.915585038767,-29.626917830640764,0.8,1.0,1.4,1.4
2025-11-08,EPL,2025-2026,Sunderland,Arsenal,2,2,D,draw,0,1024.8297822435966,1062.842206660251,-38.01242441665431,1.2,0.8,1.6,0.2
2025-11-08,EPL,2025-2026,Chelsea,Wolves,3,0,H,home,1,1017.7792745967928,928.448048300606,89.33122629618674,1.6,1.2,0.8,2.0
2025-11-08,CL,2025-2026,West Brom,Oxford,2,1,H,home,1,986.0952649746674,969.4289427174338,16.666322257233674,0.6,1.0,1.0,1.4
2025-11-08,EPL,2025-2026,West Ham,Burnley,3,2,H,home,1,957.572871647745,974.8125761876728,-17.23970453992763,1.0,1.6,1.4,2.2
2025-11-08,CL,2025-2026,Wrexham,Charlton,1,0,H,home,1,1005.9272509268484,1025.9144570117355,-19.987206084887475,1.0,0.8,1.6,0.6
2025-11-08,EPL,2025-2026,Tottenham,Man United,2,2,D,draw,0,1014.098886710657,1019.9988513358634,-5.899964625206394,1.4,1.0,2.2,1.6
2025-11-08,CL,2025-2026,Hull,Portsmouth,3,2,H,home,1,1016.7102634350192,974.5866716942862,42.12359174073288,1.8,1.2,0.4,1.6
2025-11-08,CL,2025-2026,Stoke,Coventry,0,1,A,away,0,1043.5714226579848,1064.233512742054,-20.662090084069177,2.0,0.6,2.4,1.2
2025-11-08,CL,2025-2026,Blackburn,Derby,1,2,A,away,0,988.698488719526,1014.311381897595,-25.612893178069044,1.2,1.2,1.4,0.6
2025-11-08,CL,2025-2026,Norwich,Leicester,1,2,A,away,0,937.5485275389352,996.6207014900364,-59.07217395110115,0.4,1.4,0.6,1.4
2025-11-08,CL,2025-2026,Middlesbrough,Birmingham,2,1,H,home,1,1035.2488410247468,1010.9954329832703,24.253408041476405,1.0,1.2,2.2,0.8
2025-11-08,CL,2025-2026,Sheffield United,QPR,0,0,D,draw,0,935.6290581247572,987.329934115327,-51.700875990569784,1.6,2.0,0.8,1.8
2025-11-08,CL,2025-2026,Millwall,Preston,1,1,D,draw,0,1026.181714354536,1033.86132063852,-7.679606283984185,1.4,1.4,1.6,1.2
2025-11-08,CL,2025-2026,Southampton,Sheffield Weds,3,1,H,home,1,981.2983309405026,942.5267126722748,38.77161826822794,0.8,1.6,0.6,1.2
2025-11-09,EPL,2025-2026,Brentford,Newcastle,3,1,H,home,1,992.8260155636,988.9279465907712,3.898068972828696,1.6,1.2,1.4,1.6
2025-11-09,EPL,2025-2026,Aston Villa,Bournemouth,4,0,H,home,1,1012.5445625213322,1025.8221254928585,-13.277562971526097,1.6,1.0,2.2,1.8
2025-11-09,EPL,2025-2026,Crystal Palace,Brighton,0,0,D,draw,0,1019.8950695071758,1009.964914153988,9.930155353187727,1.6,1.4,2.2,1.4
2025-11-09,EPL,2025-2026,Man City,Liverpool,3,0,H,home,1,1029.2642665913495,1014.9489427793496,14.315323812000202,2.2,0.6,1.4,1.8
2025-11-09,EPL,2025-2026,Nott'm Forest,Leeds,3,1,H,home,1,954.8430507600192,978.6154612087964,-23.772410448777237,0.4,2.0,1.0,2.0
2025-11-21,CL,2025-2026,Preston,Blackburn,1,2,A,away,0,1033.640319792148,979.434354478789,54.205965313359115,1.6,1.0,1.4,1.2
2025-11-22,EPL,2025-2026,Wolves,Crystal Palace,0,2,A,away,0,920.9640082924656,1019.6093344615311,-98.64532616906558,0.6,2.4,1.2,1.2
2025-11-22,CL,2025-2026,Birmingham,Norwich,4,1,H,home,1,1001.692370488276,929.2325652062752,72.45980528200073,2.0,0.6,0.6,1.6
2025-11-22,CL,2025-2026,Bristol City,Swansea,3,0,H,home,1,1011.7919324885664,980.1393375640378,31.652594924528557,1.2,1.6,1.0,1.8
2025-11-22,EPL,2025-2026,Bournemouth,West Ham,2,2,D,draw,0,1015.440152444104,968.0686633967316,47.37148904737228,1.8,2.2,1.4,1.8
2025-11-22,EPL,2025-2026,Brighton,Brentford,2,1,H,home,1,1010.2506491996328,1002.7138248271616,7.53682437247096,1.6,1.2,1.6,1.2
2025-11-22,CL,2025-2026,Coventry,West Brom,3,2,H,home,1,1073.639510091715,995.6159372599648,78.02357283175013,2.2,1.2,0.6,1.0
2025-11-22,EPL,2025-2026,Fulham,Sunderland,1,0,H,home,1,970.7479743942612,1025.9195230821977,-55.171548687936365,1.0,1.6,1.4,1.2
2025-11-22,EPL,2025-2026,Newcastle,Man City,2,1,H,home,1,979.0401373272092,1038.8524714558514,-59.81233412864208,1.4,1.8,1.8,0.4
2025-11-22,CL,2025-2026,Leicester,Stoke,2,1,H,home,1,1004.9366638226963,1034.1654253083238,-29.2287614856275,0.8,1.4,1.8,0.8
2025-11-22,CL,2025-2026,Portsmouth,Millwall,3,1,H,home,1,965.7931802238236,1026.4027152009078,-60.60953497708408,0.6,2.0,1.2,1.4
2025-11-22,CL,2025-2026,Charlton,Southampton,1,5,A,away,0,1015.3398127556088,990.1870034134988,25.152809342110004,1.2,0.6,1.4,1.8
2025-11-22,CL,2025-2026,Ipswich,Wrexham,0,0,D,draw,0,1028.0649146828555,1016.5018951829752,11.563019499880284,2.0,1.2,1.2,0.6
2025-11-22,CL,2025-2026,Derby,Watford,2,3,A,away,0,1023.575516138332,1003.2855846044844,20.289931533847493,1.8,0.6,1.6,1.2
2025-11-22,CL,2025-2026,QPR,Hull,3,2,H,home,1,985.8527505853076,1025.5037549054816,-39.65100432017391,0.6,1.4,1.8,1.2
2025-11-22,EPL,2025-2026,Liverpool,Nott'm Forest,0,3,A,away,0,1005.3607379148478,965.5262099652604,39.8345279495876,1.2,2.0,1.0,2.0
2025-11-22,EPL,2025-2026,Burnley,Chelsea,0,2,A,away,0,964.316784438686,1025.2633146049332,-60.94653016624716,1.6,1.8,2.0,0.6
2025-11-22,CL,2025-2026,Oxford,Middlesbrough,1,1,D,draw,0,959.9082704321364,1044.551903519741,-84.64363308760471,1.0,1.8,1.0,1.2
2025-11-23,CL,2025-2026,Sheffield Weds,Sheffield United,0,3,A,away,0,933.6380401992784,937.1062416547765,-3.4682014554979332,0.6,1.4,1.4,2.0
2025-11-23,EPL,2025-2026,Leeds,Aston Villa,1,2,A,away,0,967.9323020035556,1022.9265355700863,-54.99423356653085,0.8,2.2,1.8,0.8
2025-11-23,EPL,2025-2026,Arsenal,Tottenham,4,1,H,home,1,1061.7524658216498,1014.2686850218256,47.4837807998241,1.6,0.4,1.6,1.2
2025-11-24,EPL,2025-2026,Man United,Everton,0,1,A,away,0,1019.8290530246946,1001.217172753314,18.611880271380755,2.4,1.4,1.0,1.4
2025-11-25,CL,2025-2026,Southampton,Leicester,3,0,H,home,1,1000.9096973263696,1015.7759561417276,-14.866258815358036,2.2,1.4,1.0,1.2
2025-11-25,CL,2025-2026,Norwich,Oxford,1,1,D,draw,0,921.2884054284694,962.2974284026816,-41.009022974212144,0.8,2.2,1.2,1.8
2025-11-25,CL,2025-2026,Stoke,Charlton,3,0,H,home,1,1023.3261329892924,1004.617118842738,18.709014146554523,2.0,0.8,0.8,1.6
2025-11-25,CL,2025-2026,Swansea,Derby,1,2,A,away,0,971.0478603359996,1012.9921879525576,-41.9443276165581,1.0,2.2,2.0,1.2
2025-11-25,CL,2025-2026,Watford,Preston,1,1,D,draw,0,1013.8689127902584,1022.092683577092,-8.223770786833597,1.8,1.4,1.8,1.2
2025-11-25,CL,2025-2026,Hull,Ipswich,0,2,A,away,0,1014.3674362966163,1027.732227051033,-13.364790754416733,1.8,1.6,2.0,0.6
2025-11-25,CL,2025-2026,Middlesbrough,Coventry,2,4,A,away,0,1042.1627455491955,1081.430816258027,-39.2680707088316,1.0,1.4,2.4,1.4
2025-11-26,CL,2025-2026,Blackburn,QPR,0,1,A,away,0,990.9819906938452,996.989069194173,-6.007078500327907,1.6,0.8,1.0,1.8
2025-11-26,CL,2025-2026,Wrexham,Bristol City,2,0,H,home,1,1016.8345828147976,1020.8834097166044,-4.048826901806706,1.0,0.6,1.2,1.4
2025-11-26,CL,2025-2026,Sheffield United,Portsmouth,3,0,H,home,1,947.0064221081586,977.5201795158772,-30.513757407718685,1.4,1.8,1.0,1.8
2025-11-26,CL,2025-2026,Millwall,Sheffield Weds,1,0,H,home,1,1014.6757159088542,923.7378597458963,90.9378561629578,1.0,2.0,0.6,1.8
2025-11-26,CL,2025-2026,West Brom,Birmingham,1,1,D,draw,0,987.8246310936526,1009.6365302660818,-21.811899172429207,0.8,1.2,2.6,0.8
2025-11-28,CL,2025-2026,Oxford,Ipswich,2,1,H,home,1,961.122544898132,1037.3477470720418,-76.2252021739099,1.0,1.8,2.2,0.6
2025-11-29,EPL,2025-2026,Brentford,Burnley,3,1,H,home,1,992.930718049878,956.0531923627832,36.87752568709493,1.8,1.4,1.4,1.8
2025-11-29,CL,2025-2026,Stoke,Hull,1,2,A,away,0,1032.7881641582292,1004.7519162756076,28.036247882621524,2.4,0.8,1.6,1.8
2025-11-29,EPL,2025-2026,Sunderland,Bournemouth,3,2,H,home,1,1014.3447725368778,1014.0850780611092,0.2596944757685833,1.4,1.0,1.6,2.4
2025-11-29,EPL,2025-2026,Everton,Newcastle,1,4,A,away,0,1011.7523538960174,990.7448668979788,21.007486998038644,0.8,1.2,1.4,2.0
2025-11-29,EPL,2025-2026,Tottenham,Fulham,1,2,A,away,0,1005.6269319350608,982.3227249395812,23.304206995479717,1.4,1.8,1.0,1.0
2025-11-29,CL,2025-2026,Sheffield Weds,Preston,2,3,A,away,0,916.2970844409969,1021.8560286216534,-105.55894418065655,0.4,1.6,1.4,1.0
2025-11-29,CL,2025-2026,Leicester,Sheffield United,2,3,A,away,0,1005.3483317589154,957.882427491516,47.46590426739931,1.0,1.6,1.6,1.2
2025-11-29,CL,2025-2026,Portsmouth,Bristol City,0,1,A,away,0,966.64417413252,1010.7668803857204,-44.12270625320059,1.0,2.2,1.0,1.8
2025-11-29,CL,2025-2026,Middlesbrough,Derby,2,1,H,home,1,1033.288183399018,1021.7907642684512,11.49741913056664,1.2,2.0,2.2,1.4
2025-11-29,CL,2025-2026,Millwall,Southampton,3,2,H,home,1,1022.1164912137536,1011.337321709182,10.779169504571769,1.0,2.0,2.6,1.0
2025-11-29,CL,2025-2026,Norwich,QPR,3,1,H,home,1,922.4632889330192,1006.8161888029548,-84.35289986993553,0.8,2.0,1.2,1.6
2025-11-29,EPL,2025-2026,Man City,Leeds,3,2,H,home,1,1027.147741885082,959.50207516942,67.64566671566217,1.8,0.8,0.8,2.2
2025-11-29,CL,2025-2026,Wrexham,Blackburn,1,1,D,draw,0,1026.9511121456817,981.1548710850634,45.796241060618286,1.2,0.4,1.2,0.8
2025-11-29,CL,2025-2026,West Brom,Swansea,3,2,H,home,1,988.4516045388776,962.249284020106,26.20232051877156,1.0,1.2,0.8,2.4
2025-11-29,CL,2025-2026,Coventry,Charlton,3,1,H,home,1,1090.3053784082051,995.1550876738016,95.1502907344036,2.6,1.6,0.6,2.0
2025-11-30,EPL,2025-2026,Aston Villa,Wolves,1,0,H,home,1,1031.3567624042223,913.7293382414908,117.6274241627316,1.8,0.8,0.4,2.6
2025-11-30,EPL,2025-2026,Nott'm Forest,Brighton,0,2,A,away,0,976.6677422900945,1020.0337559769164,-43.366013686821816,1.6,1.6,1.8,1.2
2025-11-30,EPL,2025-2026,Crystal Palace,Man United,1,2,A,away,0,1026.844004512506,1009.2938718819912,17.550132630514895,1.4,0.8,2.0,1.6
2025-11-30,EPL,2025-2026,Chelsea,Arsenal,1,1,D,draw,0,1033.526906680836,1070.3942189084148,-36.86731222757885,2.0,0.4,2.0,0.6
2025-11-30,EPL,2025-2026,West Ham,Liverpool,0,2,A,away,0,969.4237377797264,994.2192055900136,-24.795467810287164,1.8,1.8,1.0,2.2
2025-12-01,CL,2025-2026,Birmingham,Watford,2,1,H,home,1,1009.0095568208568,1014.1055677456972,-5.096010924840471,2.8,0.8,1.8,1.0
2025-12-02,EPL,2025-2026,Bournemouth,Everton,0,1,A,away,0,1004.0925526675752,1001.1484455884488,2.944107079126411,1.4,2.4,1.0,1.6
2025-12-02,CL,2025-2026,Blackburn,Ipswich,1,1,D,draw,0,982.4654116627788,1025.1883453349012,-42.72293367212228,1.0,1.0,1.6,0.8
2025-12-02,EPL,2025-2026,Newcastle,Tottenham,2,2,D,draw,0,1001.3487752055474,994.9571870420356,6.391588163511756,2.0,1.8,1.4,1.8
2025-12-02,EPL,2025-2026,Fulham,Man City,4,5,A,away,0,992.9924698326064,1035.2249779798758,-42.23250814726953,1.4,1.0,2.0,1.2
2025-12-03,EPL,2025-2026,Burnley,Crystal Palace,0,1,A,away,0,947.1106447199506,1016.3393002847032,-69.22865556475267,1.2,2.4,1.0,0.6
2025-12-03,EPL,2025-2026,Brighton,Aston Villa,3,4,A,away,0,1028.7920235583306,1038.0948596921153,-9.302836133784696,1.8,1.0,1.6,0.6
2025-12-03,EPL,2025-2026,Arsenal,Brentford,2,0,H,home,1,1069.3370572319911,1001.8732656927108,67.46379153928046,2.0,0.8,2.0,1.6
2025-12-03,EPL,2025-2026,Liverpool,Sunderland,1,1,D,draw,0,1003.5067438323716,1024.337297930412,-20.83055409804024,1.2,1.8,1.6,1.4
2025-12-03,EPL,2025-2026,Leeds,Chelsea,3,1,H,home,1,951.4248390746262,1034.5840683572596,-83.15922928263342,1.2,2.4,1.6,0.6
2025-12-03,EPL,2025-2026,Wolves,Nott'm Forest,0,1,A,away,0,906.9912409535978,967.90947470868,-60.91823375508238,0.4,2.4,1.6,1.4
2025-12-04,EPL,2025-2026,Man United,West Ham,1,1,D,draw,0,1019.7985761097938,960.1361995373684,59.66237657242539,2.0,1.6,1.8,1.8
2025-12-05,CL,2025-2026,Hull,Middlesbrough,1,4,A,away,0,1015.5571173845036,1042.9573818196236,-27.40026443511988,1.6,2.0,1.6,1.6
2025-12-06,CL,2025-2026,Swansea,Oxford,2,0,H,home,1,953.0020208739398,973.2819466352724,-20.279925761332493,1.0,2.8,1.0,1.6
2025-12-06,EPL,2025-2026,Leeds,Liverpool,3,3,D,draw,0,963.7736703019802,1004.1055780188572,-40.33190771687691,1.4,2.4,1.0,1.4
2025-12-06,CL,2025-2026,Bristol City,Millwall,0,1,A,away,0,1019.5037102517492,1031.8063412809774,-12.302631029228335,1.0,0.8,1.2,2.0
2025-12-06,EPL,2025-2026,Man City,Sunderland,3,0,H,home,1,1044.0153803341832,1023.7384637439266,20.276916590256633,3.0,1.8,1.4,1.4
2025-12-06,CL,2025-2026,Ipswich,Coventry,3,0,H,home,1,1023.9648410204148,1097.6332071052732,-73.66836608485846,1.6,0.8,2.8,1.2
2025-12-06,EPL,2025-2026,Bournemouth,Chelsea,0,0,D,draw,0,994.0078164823371,1022.2352371299056,-28.22742064756835,1.0,2.6,1.6,0.8
2025-12-06,EPL,2025-2026,Aston Villa,Arsenal,2,1,H,home,1,1047.8271665147224,1077.4193350909377,-29.592168576215272,2.2,1.2,2.2,0.8
2025-12-06,EPL,2025-2026,Tottenham,Brentford,2,0,H,home,1,995.141130987105,993.790987833764,1.3501431533409232,1.2,2.2,1.4,1.6
2025-12-06,CL,2025-2026,Southampton,Birmingham,3,1,H,home,1,1001.647471641958,1019.156221288295,-17.508749646336923,3.0,1.2,2.4,1.0
2025-12-06,CL,2025-2026,Sheffield United,Stoke,4,0,H,home,1,969.240169365449,1021.9829630493332,-52.74279368388409,2.0,1.0,1.6,1.0
2025-12-06,CL,2025-2026,QPR,West Brom,3,1,H,home,1,994.4349227326744,997.698867685044,-3.2639449523695703,1.2,1.4,1.6,1.6
2025-12-06,CL,2025-2026,Preston,Wrexham,1,1,D,draw,0,1028.9079553154002,1025.6405715679662,3.267383747433996,1.6,1.4,0.8,0.2
2025-12-06,CL,2025-2026,Derby,Leicester,1,3,A,away,0,1012.1215658478455,993.9905898849825,18.130975962863204,1.8,1.6,1.4,1.8
2025-12-06,CL,2025-2026,Watford,Norwich,3,2,H,home,1,1003.9589032782588,934.8445550032995,69.1143482749593,1.4,1.4,1.4,1.8
2025-12-06,EPL,2025-2026,Everton,Nott'm Forest,3,0,H,home,1,1011.2331817736869,976.1738566757664,35.05932509792024,1.2,1.0,1.8,1.0
2025-12-06,EPL,2025-2026,Newcastle,Burnley,2,1,H,home,1,1001.164831260478,939.077247558492,62.08758370198609,2.0,2.0,0.6,2.2
2025-12-07,EPL,2025-2026,Brighton,West Ham,1,1,D,draw,0,1019.0597167357232,961.8367381056588,57.22297863006463,2.0,1.0,1.8,1.6
2025-12-07,EPL,2025-2026,Fulham,Crystal Palace,1,2,A,away,0,984.2020674782988,1024.372697446162,-40.17062996786308,2.0,1.6,1.2,0.4
2025-12-08,EPL,2025-2026,Wolves,Man United,1,4,A,away,0,898.7268589865114,1018.0980375415036,-119.37117855499208,0.0,2.0,1.4,1.4
2025-12-09,CL,2025-2026,Charlton,Middlesbrough,1,2,A,away,0,987.8272589767336,1052.170369765676,-64.34311078894245,0.6,2.4,2.2,1.6
2025-12-09,CL,2025-2026,Southampton,West Brom,3,2,H,home,1,1012.150987798634,987.6049265612083,24.546061237425533,3.2,1.2,1.8,2.0
2025-12-09,CL,2025-2026,Blackburn,Oxford,1,1,D,draw,0,983.6889159772654,962.6989054593172,20.99001051794835,1.0,1.2,1.0,1.4
2025-12-09,CL,2025-2026,Swansea,Portsmouth,1,0,H,home,1,963.5850620498952,957.9073442664912,5.677717783403864,1.2,2.4,1.0,1.6
2025-12-09,CL,2025-2026,Watford,Sheffield Weds,1,1,D,draw,0,1011.9954634298008,909.24515774725,102.75030568255056,1.8,1.6,0.8,2.2
2025-12-09,CL,2025-2026,Sheffield United,Norwich,1,1,D,draw,0,980.7466742433728,926.8079948517576,53.93867939161521,2.6,0.4,1.6,2.2
2025-12-09,CL,2025-2026,QPR,Birmingham,2,1,H,home,1,1004.5288638565096,1008.6527051316192,-4.123841275109385,1.6,1.2,1.8,1.6
2025-12-09,CL,2025-2026,Preston,Coventry,1,1,D,draw,0,1028.8139152238305,1085.544075836763,-56.73016061293265,1.4,1.4,2.2,1.6
2025-12-10,CL,2025-2026,Ipswich,Stoke,1,0,H,home,1,1036.0539722889248,1010.4764581714091,25.577514117515648,1.4,0.6,1.0,1.8
2025-12-10,CL,2025-2026,Derby,Millwall,1,1,D,draw,0,1001.6001876126822,1041.4523910175883,-39.85220340490605,1.6,2.0,1.4,1.2
2025-12-10,CL,2025-2026,Hull,Wrexham,2,0,H,home,1,1006.3441294384514,1025.734611659536,-19.390482221084422,1.6,2.4,1.0,0.4
2025-12-10,CL,2025-2026,Bristol City,Leicester,2,2,D,draw,0,1009.8576605151382,1004.511968120146,5.345692394992284,1.0,0.8,1.8,1.8
2025-12-12,CL,2025-2026,West Brom,Sheffield United,2,0,H,home,1,978.3102458947582,979.2065477645908,-0.8963018698325413,1.8,2.4,2.8,0.6
2025-12-13,EPL,2025-2026,Chelsea,Everton,2,0,H,home,1,1021.424569543981,1020.2275044355991,1.1970651083817074,1.4,0.8,1.6,0.8
2025-12-13,EPL,2025-2026,Burnley,Fulham,2,3,A,away,0,930.845489146912,975.3531464808094,-44.50765733389733,0.8,2.2,1.6,2.0
2025-12-13,EPL,2025-2026,Arsenal,Wolves,2,1,H,home,1,1066.5696576698244,892.0335371607837,174.53612050904076,2.0,1.2,0.2,2.2
2025-12-13,CL,2025-2026,Wrexham,Watford,2,2,D,draw,0,1015.1770874547582,1009.121378116455,6.0557093383031315,0.8,0.8,1.8,1.6
2025-12-13,EPL,2025-2026,Liverpool,Brighton,2,0,H,home,1,1002.9499188196472,1017.427439666222,-14.477520846574636,1.2,2.0,1.6,1.2
2025-12-13,CL,2025-2026,Portsmouth,Blackburn,2,1,H,home,1,948.070747575046,983.0855088502336,-35.01476127518788,1.0,1.8,1.0,1.0
2025-12-13,CL,2025-2026,Middlesbrough,QPR,3,1,H,home,1,1060.3393116978473,1014.647551975966,45.69175972188134,2.2,1.6,2.0,1.4
2025-12-13,CL,2025-2026,Millwall,Hull,1,3,A,away,0,1040.3103565845488,1016.9016536432292,23.40870294131969,1.4,1.2,1.4,2.0
2025-12-13,CL,2025-2026,Birmingham,Charlton,1,1,D,draw,0,998.5340170121628,979.6583170445624,18.87569996760044,1.8,1.6,0.6,2.8
2025-12-13,CL,2025-2026,Stoke,Swansea,2,1,H,home,1,1001.2113111458996,973.4216587413404,27.789652404559092,1.0,1.8,1.2,1.6
2025-12-13,CL,2025-2026,Coventry,Bristol City,1,0,H,home,1,1083.9256084779608,1009.7038112601044,74.22179721785642,2.2,1.8,1.2,1.0
2025-12-13,CL,2025-2026,Leicester,Ipswich,3,1,H,home,1,1004.6658173751796,1045.3191193144344,-40.65330193925479,1.8,2.0,1.6,0.6
2025-12-13,CL,2025-2026,Norwich,Southampton,2,1,H,home,1,928.34812133054,1021.4456684650844,-93.09754713454436,1.6,2.0,3.2,1.4
2025-12-13,CL,2025-2026,Oxford,Preston,1,2,A,away,0,963.3023125863488,1030.4323825826327,-67.13006999628396,1.0,1.2,1.4,1.4
2025-12-14,EPL,2025-2026,Brentford,Leeds,1,1,D,draw,0,983.829847881882,964.92932950119,18.90051838069201,1.4,1.6,2.0,2.4
2025-12-14,EPL,2025-2026,Nott'm Forest,Tottenham,3,0,H,home,1,967.179534013854,1005.1022709389872,-37.92273692513311,1.4,1.2,1.6,2.0
2025-12-14,EPL,2025-2026,Crystal Palace,Man City,0,3,A,away,0,1033.2216184436516,1053.4324254747548,-20.21080703110329,1.2,0.6,3.0,1.6
2025-12-14,EPL,2025-2026,West Ham,Aston Villa,2,3,A,away,0,963.46901517516,1058.6768439358357,-95.20782876067562,1.4,1.6,2.6,1.0
2025-12-14,EPL,2025-2026,Sunderland,Newcastle,1,0,H,home,1,1014.321418603355,1009.396589672058,4.924828931297043,1.2,1.8,2.2,1.6
2025-12-15,EPL,2025-2026,Man United,Bournemouth,4,4,D,draw,0,1024.7913593672313,994.818484068262,29.97287529896937,1.8,1.2,0.8,2.0
2025-12-15,CL,2025-2026,Sheffield Weds,Derby,0,3,A,away,0,912.1192430605956,1002.742222045722,-90.62297898512612,0.8,2.2,1.4,2.0
2025-12-19,CL,2025-2026,Swansea,Wrexham,2,1,H,home,1,964.2198078771352,1015.0028077772424,-50.78299990010714,1.4,1.4,1.2,1.2
2025-12-20,EPL,2025-2026,Leeds,Crystal Palace,4,1,H,home,1,965.4727941515504,1023.8026769623592,-58.329882810808954,2.0,2.0,1.2,1.2
2025-12-20,EPL,2025-2026,Wolves,Brentford,0,2,A,away,0,886.6732120506168,983.2863832315218,-96.61317118090494,0.4,2.0,1.0,1.6
2025-12-20,EPL,2025-2026,Newcastle,Chelsea,2,2,D,draw,0,999.5383281502908,1031.390115376892,-31.85178722660112,2.0,1.2,1.2,0.8
2025-12-20,EPL,2025-2026,Bournemouth,Burnley,1,1,D,draw,0,995.6790389838584,922.1195607445618,73.55947823929648,1.6,2.0,0.8,2.2
2025-12-20,EPL,2025-2026,Man City,West Ham,3,0,H,home,1,1062.851366956047,956.1427242353404,106.70864272070662,3.0,1.6,1.2,1.8
2025-12-20,EPL,2025-2026,Brighton,Sunderland,0,0,D,draw,0,1007.0109841311912,1024.179680125122,-17.16869599393101,1.6,1.6,1.0,1.4
2025-12-20,EPL,2025-2026,Tottenham,Liverpool,1,2,A,away,0,994.0150809304072,1013.3663743546782,-19.35129342427103,1.2,2.2,1.6,1.4
2025-12-20,EPL,2025-2026,Everton,Arsenal,0,1,A,away,0,1010.261958602688,1071.9299827799912,-61.668024177303096,1.2,1.2,2.0,1.0
2025-12-20,CL,2025-2026,Watford,Stoke,1,0,H,home,1,1009.2956577939708,1010.4131620101048,-1.117504216133966,1.6,1.6,1.2,1.6
2025-12-20,CL,2025-2026,Blackburn,Millwall,2,0,H,home,1,972.081101205888,1029.6376176078302,-57.55651640194219,0.8,1.2,1.4,1.2
2025-12-20,CL,2025-2026,Preston,Norwich,1,1,D,draw,0,1038.523914172121,940.9653426086932,97.5585715634278,1.6,1.2,1.8,1.4
2025-12-20,CL,2025-2026,Sheffield United,Birmingham,3,0,H,home,1,969.1807501802662,997.9912645861116,-28.81051440584531,2.2,1.0,1.2,1.6
2025-12-20,CL,2025-2026,QPR,Leicester,4,1,H,home,1,1005.9551368720328,1015.8306025210296,-9.875465648996965,1.6,1.6,2.0,2.0
2025-12-20,CL,2025-2026,Ipswich,Sheffield Weds,3,1,H,home,1,1034.1543341685842,904.669996485592,129.4843376829922,1.4,1.2,0.6,2.2
2025-12-20,CL,2025-2026,Southampton,Coventry,1,1,D,draw,0,1008.8284471869308,1091.8212484792436,-82.99280129231272,2.4,1.6,1.8,1.4
2025-12-20,CL,2025-2026,Derby,Portsmouth,1,1,D,draw,0,1010.1914686207256,959.0751552193916,51.11631340133397,1.6,1.4,1.0,1.4
2025-12-20,CL,2025-2026,Charlton,Oxford,1,0,H,home,1,980.2010694706138,955.2107809968604,24.990288473753253,0.8,2.8,1.0,1.4
2025-12-20,CL,2025-2026,Bristol City,Middlesbrough,2,0,H,home,1,1001.8081712588216,1069.0317268017805,-67.22355554295882,0.6,1.2,2.6,1.6
2025-12-20,CL,2025-2026,Hull,West Brom,1,0,H,home,1,1027.5743926199475,988.3360434790828,39.23834914086501,1.6,1.6,1.8,1.8
2025-12-21,EPL,2025-2026,Aston Villa,Man United,2,1,H,home,1,1066.0031348756554,1023.9308044516348,42.07233042402049,2.4,1.4,2.2,1.6
2025-12-22,EPL,2025-2026,Fulham,Nott'm Forest,1,0,H,home,1,984.0790748831596,978.266724022434,5.8123508607258145,2.2,2.0,1.4,1.0
2025-12-26,CL,2025-2026,Portsmouth,QPR,1,1,D,draw,0,960.5358767445956,1016.2392990995594,-55.703422354963664,0.6,1.4,2.2,1.8
2025-12-26,CL,2025-2026,Stoke,Preston,0,0,D,draw,0,1000.3809977641548,1035.7874965046344,-35.40649874047949,0.6,1.8,1.6,1.2
2025-12-26,EPL,2025-2026,Man United,Newcastle,1,0,H,home,1,1015.1358590131348,1000.452536518058,14.683322495076936,2.4,1.8,2.0,1.4
2025-12-26,CL,2025-2026,Millwall,Ipswich,0,0,D,draw,0,1017.9959977916544,1040.590946276715,-22.594948485060627,1.2,1.6,1.8,1.0
2025-12-26,CL,2025-2026,Birmingham,Derby,1,1,D,draw,0,987.1639267898656,1008.7307470955216,-21.566820305655824,1.0,2.0,1.4,1.4
2025-12-26,CL,2025-2026,West Brom,Bristol City,1,2,A,away,0,979.4606367005712,1013.7192322632936,-34.258595562722235,1.6,1.8,1.0,0.8
2025-12-26,CL,2025-2026,Norwich,Charlton,1,0,H,home,1,943.70176027618,989.483029010192,-45.78126873401209,1.8,1.4,0.8,1.8
2025-12-26,CL,2025-2026,Sheffield Weds,Hull,2,2,D,draw,0,898.2333843774613,1036.4497993984592,-138.21641502099783,0.8,2.2,1.8,1.2
2025-12-26,CL,2025-2026,Middlesbrough,Blackburn,0,0,D,draw,0,1057.1206657973084,983.722721022064,73.39794477524458,2.2,1.2,1.2,1.0
2025-12-26,CL,2025-2026,Leicester,Watford,1,2,A,away,0,1005.5464402935032,1019.3278220399208,-13.781381746417765,2.2,2.2,1.6,1.4
2025-12-26,CL,2025-2026,Coventry,Swansea,1,0,H,home,1,1089.4769436686804,975.67113925353,113.80580441515042,1.2,1.2,1.6,1.2
2025-12-26,CL,2025-2026,Oxford,Southampton,2,1,H,home,1,945.9288214572824,1011.1727519974942,-65.24393054021186,0.8,1.4,2.0,1.8
2025-12-26,CL,2025-2026,Wrexham,Sheffield United,5,3,H,home,1,1003.5514764008476,980.008087976512,23.54338842433549,1.0,1.6,2.2,1.0
2025-12-27,EPL,2025-2026,West Ham,Fulham,0,1,A,away,0,949.120982985614,993.9117975825318,-44.790814596917926,0.8,2.0,2.2,2.0
2025-12-27,EPL,2025-2026,Chelsea,Aston Villa,1,2,A,away,0,1030.475907009125,1074.7980803141556,-44.322173305030674,1.2,1.2,2.4,1.4
2025-12-27,EPL,2025-2026,Liverpool,Wolves,2,1,H,home,1,1022.8099745951832,879.3844377524456,143.42553684273764,2.0,1.0,0.4,2.0
2025-12-27,EPL,2025-2026,Nott'm Forest,Man City,1,2,A,away,0,968.4340013230618,1069.8731082057736,-101.43910688271184,0.8,1.2,3.4,1.2
2025-12-27,EPL,2025-2026,Arsenal,Brighton,2,1,H,home,1,1080.1734420038547,1007.5047370931334,72.66870491072132,1.4,0.8,1.2,1.4
2025-12-27,EPL,2025-2026,Brentford,Bournemouth,4,1,H,home,1,990.575157529693,993.5929051712328,-3.0177476415398132,1.2,1.2,1.4,1.8
2025-12-27,EPL,2025-2026,Burnley,Everton,0,0,D,draw,0,924.2056945571871,1002.0184993788243,-77.8128048216372,1.0,2.0,1.0,1.4
2025-12-28,EPL,2025-2026,Sunderland,Leeds,1,1,D,draw,0,1023.6859271631798,977.1360654261388,46.54986173704094,1.0,1.2,2.6,1.8
2025-12-28,EPL,2025-2026,Crystal Palace,Tottenham,0,1,A,away,0,1012.1394056877708,984.5714806899022,27.56792499786866,1.0,2.0,1.2,1.8
2025-12-29,CL,2025-2026,Birmingham,Southampton,1,1,D,draw,0,987.783873717406,999.3166474962798,-11.53277377887366,0.8,2.0,1.8,1.6
2025-12-29,CL,2025-2026,Wrexham,Preston,2,1,H,home,1,1012.8748785095878,1034.7719287655077,-21.897050255919908,1.8,2.0,1.0,0.8
2025-12-29,CL,2025-2026,West Brom,QPR,2,1,H,home,1,970.4434950343106,1014.649623236808,-44.20612820249744,1.2,1.8,2.2,1.4
2025-12-29,CL,2025-2026,Stoke,Sheffield United,1,2,A,away,0,1001.3965655032816,970.6846858677716,30.711879635509945,0.4,1.4,2.2,1.6
2025-12-29,CL,2025-2026,Sheffield Weds,Blackburn,0,0,D,draw,0,902.0141955369576,985.8044074325312,-83.79021189557352,1.2,2.4,1.0,0.8
2025-12-29,CL,2025-2026,Portsmouth,Charlton,2,1,H,home,1,962.1255526073472,978.1729119716337,-16.047359364286535,0.8,1.0,0.8,1.4
2025-12-29,CL,2025-2026,Oxford,Swansea,0,1,A,away,0,957.7849259584968,968.8344004509222,-11.049474492425476,0.8,1.4,1.2,0.8
2025-12-29,CL,2025-2026,Norwich,Watford,0,1,A,away,0,955.0118773147384,1028.9313698908632,-73.91949257612487,1.4,1.2,1.8,1.2
2025-12-29,CL,2025-2026,Leicester,Derby,2,1,H,home,1,995.9428924425608,1008.110800167981,-12.16790772542015,2.0,2.0,1.4,1.2
2025-12-29,CL,2025-2026,Middlesbrough,Hull,0,1,A,away,0,1055.038979386841,1032.6689882389628,22.36999114787818,1.8,1.0,1.8,1.4
2025-12-29,CL,2025-2026,Coventry,Ipswich,0,2,A,away,0,1096.313682471288,1039.9415266661636,56.37215580512452,0.8,1.0,1.6,0.8
2025-12-29,CL,2025-2026,Millwall,Bristol City,2,1,H,home,1,1018.6454174022056,1022.7363739295542,-4.090956527348567,0.6,1.2,1.2,1.0
2025-12-30,EPL,2025-2026,Chelsea,Bournemouth,2,2,D,draw,0,1021.7447262507596,983.5060495962556,38.23867665450405,1.2,1.4,1.2,2.0
2025-12-30,EPL,2025-2026,Burnley,Newcastle,1,3,A,away,0,926.408617165808,990.874905080787,-64.46628791497915,0.8,1.4,1.2,1.4
2025-12-30,EPL,2025-2026,West Ham,Brighton,2,2,D,draw,0,940.4030713759356,999.5663350956576,-59.163263719721954,0.8,1.8,1.0,1.8
2025-12-30,EPL,2025-2026,Arsenal,Aston Villa,4,1,H,home,1,1088.1118440013304,1083.529261072521,4.5825829288094155,1.6,0.8,2.6,1.6
2025-12-30,EPL,2025-2026,Man United,Wolves,1,1,D,draw,0,1024.7134904504055,873.2930137937644,151.42047665664109,2.2,1.6,0.6,2.2
2025-12-30,EPL,2025-2026,Nott'm Forest,Everton,0,2,A,away,0,961.2734272795352,999.8155767702038,-38.54214949066875,1.0,1.2,0.8,0.6
2026-01-01,CL,2025-2026,Blackburn,Wrexham,0,2,A,away,0,983.4384243526388,1023.5042931282792,-40.0658687756403,0.8,0.6,2.0,2.0
2026-01-01,CL,2025-2026,Derby,Middlesbrough,1,0,H,home,1,997.7607227479916,1044.396007531979,-46.63528478398723,1.4,1.0,1.0,1.0
2026-01-01,CL,2025-2026,Watford,Birmingham,3,0,H,home,1,1036.8353271296835,988.1156917684084,48.71963536127544,1.4,0.8,0.8,1.6
2026-01-01,CL,2025-2026,Hull,Stoke,0,1,A,away,0,1043.3119600938248,990.5149017465995,52.79705834722529,1.8,0.6,0.6,1.0
2026-01-01,EPL,2025-2026,Crystal Palace,Fulham,1,1,D,draw,0,1001.3475980469696,1002.62970919221,-1.2821111452403784,0.8,1.8,2.0,1.8
2026-01-01,CL,2025-2026,Charlton,Coventry,1,1,D,draw,0,967.711360008896,1084.705251077145,-116.99389106824913,0.8,1.2,0.8,0.8
2026-01-01,CL,2025-2026,Swansea,West Brom,1,0,H,home,1,978.5164781881296,981.7090278617368,-3.192549673607118,1.0,0.8,1.4,1.4
2026-01-01,CL,2025-2026,Sheffield United,Leicester,3,1,H,home,1,981.5663496244538,1006.29296986255,-24.726620238096302,1.8,1.8,1.8,2.0
2026-01-01,CL,2025-2026,QPR,Norwich,1,2,A,away,0,1003.3840904093818,947.1079200759178,56.27617033346394,1.8,1.6,1.0,0.8
2026-01-01,CL,2025-2026,Preston,Sheffield Weds,3,0,H,home,1,1024.1425141468162,904.38017861685,119.7623355299662,1.0,1.0,0.8,1.8
2026-01-01,EPL,2025-2026,Liverpool,Leeds,0,0,D,draw,0,1028.9013985538645,978.467918313088,50.43348024077636,2.0,1.2,2.4,1.4
2026-01-01,EPL,2025-2026,Brentford,Tottenham,0,0,D,draw,0,1000.6620131046705,995.3632883307032,5.298724773967024,1.4,1.2,1.2,1.4
2026-01-01,EPL,2025-2026,Sunderland,Man City,0,0,D,draw,0,1022.3540742762306,1077.0336822493002,-54.679607973069665,0.6,1.0,3.2,1.0
2026-01-01,CL,2025-2026,Southampton,Millwall,0,0,D,draw,0,998.9848294452776,1028.763159154809,-29.778329709531477,1.4,1.6,0.8,1.4
2026-01-01,CL,2025-2026,Ipswich,Oxford,2,1,H,home,1,1051.5499580603066,948.1028482212892,103.44710983901746,1.4,0.8,0.8,1.2
2026-01-01,CL,2025-2026,Bristol City,Portsmouth,5,0,H,home,1,1012.618632176951,972.5871045700848,40.03152760686612,1.4,1.2,1.2,1.0
2026-01-03,EPL,2025-2026,Wolves,West Ham,3,0,H,home,1,877.3947767874387,942.0896563519716,-64.69487956453281,0.8,2.2,1.0,2.0
2026-01-03,EPL,2025-2026,Bournemouth,Arsenal,2,3,A,away,0,984.602224707186,1097.979954310243,-113.37772960305745,1.6,2.2,2.0,1.0
2026-01-03,EPL,2025-2026,Brighton,Burnley,2,0,H,home,1,997.8797501196216,918.2431014671058,79.63664865251587,0.8,1.4,1.0,1.8
2026-01-03,EPL,2025-2026,Aston Villa,Nott'm Forest,3,1,H,home,1,1073.661150763608,952.3782312568932,121.28291950671472,2.0,1.8,0.8,1.6
2026-01-04,CL,2025-2026,Middlesbrough,Southampton,4,0,H,home,1,1033.061739663958,999.839826088602,33.22191357535587,0.6,1.0,0.8,1.2
2026-01-04,CL,2025-2026,Millwall,Swansea,2,1,H,home,1,1027.9081625114843,988.6083645680656,39.29979794341898,0.6,1.2,1.0,0.8
2026-01-04,CL,2025-2026,Birmingham,Coventry,3,2,H,home,1,979.5088362061474,1081.4596524351298,-101.95081622898238,0.6,1.8,0.8,0.8
2026-01-04,CL,2025-2026,QPR,Sheffield Weds,3,0,H,home,1,991.7783503466562,897.6968804507047,94.0814698959515,1.6,1.8,0.6,2.2
2026-01-04,CL,2025-2026,Blackburn,Charlton,2,2,D,draw,0,974.5865279342784,970.9569586509112,3.629569283367232,0.6,0.8,0.8,1.0
2026-01-04,CL,2025-2026,Bristol City,Preston,0,2,A,away,0,1021.4715039959136,1030.8258123129615,-9.35430831704798,2.0,0.8,1.4,0.8
2026-01-04,CL,2025-2026,Derby,Wrexham,1,2,A,away,0,1009.0949906160128,1032.3561895466398,-23.26119893062696,1.4,0.8,2.4,1.6
2026-01-04,CL,2025-2026,Norwich,Stoke,0,2,A,away,0,958.7136601386434,1002.0229330037968,-43.3092728651535,1.2,0.8,0.8,0.8
2026-01-04,EPL,2025-2026,Everton,Brentford,2,4,A,away,0,1008.7107727928455,1000.5095153692654,8.201257423580273,1.0,0.6,1.4,0.8
2026-01-04,EPL,2025-2026,Newcastle,Crystal Palace,2,0,H,home,1,999.0404207794892,1001.384500004596,-2.3440792251069524,1.4,1.2,0.8,2.0
2026-01-04,EPL,2025-2026,Tottenham,Sunderland,1,1,D,draw,0,995.5157860661084,1023.9150136845292,-28.399227618420923,0.8,1.0,0.4,0.8
2026-01-04,EPL,2025-2026,Man City,Chelsea,1,1,D,draw,0,1075.4727428410015,1020.6485511398292,54.82419170117237,2.2,0.2,1.4,1.2
2026-01-04,EPL,2025-2026,Fulham,Liverpool,2,2,D,draw,0,1002.5928072345836,1027.4599166969126,-24.867109462328926,1.4,1.0,1.8,1.0
2026-01-04,EPL,2025-2026,Leeds,Man United,1,1,D,draw,0,979.90940017004,1020.6117274567312,-40.70232728669123,1.8,1.2,2.2,1.6
2026-01-05,CL,2025-2026,Leicester,West Brom,2,1,H,home,1,995.5824796665368,971.6171414818008,23.965338184735856,1.6,2.2,1.0,1.0
2026-01-06,EPL,2025-2026,West Ham,Nott'm Forest,1,2,A,away,0,930.248814840916,945.733827832932,-15.485012992016095,0.8,2.4,1.0,1.6
2026-01-07,EPL,2025-2026,Man City,Brighton,1,1,D,draw,0,1073.9077436375965,1005.626938702206,68.2808049353905,1.8,0.4,1.0,1.2
2026-01-07,EPL,2025-2026,Fulham,Chelsea,2,1,H,home,1,1003.3073205077465,1022.213550343234,-18.906229835487807,1.6,1.0,1.6,1.4
2026-01-07,EPL,2025-2026,Everton,Wolves,1,1,D,draw,0,998.4747654621732,889.2356182984942,109.23914716367916,0.8,1.4,1.2,1.4
2026-01-07,EPL,2025-2026,Newcastle,Leeds,4,3,H,home,1,1009.1078877793144,981.0755772116958,28.032310567618534,1.4,1.0,1.4,0.8
2026-01-07,EPL,2025-2026,Brentford,Sunderland,3,0,H,home,1,1010.7455226999376,1023.0994337914632,-12.35391109152556,2.2,0.8,0.6,0.4
2026-01-07,EPL,2025-2026,Bournemouth,Tottenham,3,2,H,home,1,977.7543934683476,996.331365959174,-18.57697249082662,2.0,2.8,0.6,1.2
2026-01-07,EPL,2025-2026,Crystal Palace,Aston Villa,0,0,D,draw,0,991.3170330047708,1080.3055541875692,-88.98852118279842,0.4,2.2,2.2,1.8
2026-01-07,EPL,2025-2026,Burnley,Man United,2,2,D,draw,0,910.4959128845215,1019.4455504150756,-108.949637530554,0.8,1.8,1.6,1.6
2026-01-08,EPL,2025-2026,Arsenal,Liverpool,0,0,D,draw,0,1104.8277855490817,1026.74540342375,78.0823821253316,2.4,1.0,1.6,0.8
