date,competition,season,home_team,away_team,home_goals,away_goals,result,winner,home_win,elo_home,elo_away,elo_diff
2025-08-08,CL,2025-2026,Birmingham,Ipswich,1,1,D,draw,0,1000.0,1000.0,0.0
2025-08-09,CL,2025-2026,Charlton,Watford,1,0,H,home,1,1000.0,1000.0,0.0
2025-08-09,CL,2025-2026,West Brom,Blackburn,1,0,H,home,1,1000.0,1000.0,0.0
2025-08-09,CL,2025-2026,Stoke,Derby,3,1,H,home,1,1000.0,1000.0,0.0
2025-08-09,CL,2025-2026,QPR,Preston,1,1,D,draw,0,1000.0,1000.0,0.0
2025-08-09,CL,2025-2026,Sheffield United,Bristol City,1,4,A,away,0,1000.0,1000.0,0.0
2025-08-09,CL,2025-2026,Norwich,Millwall,1,2,A,away,0,1000.0,1000.0,0.0
2025-08-09,CL,2025-2026,Middlesbrough,Swansea,1,0,H,home,1,1000.0,1000.0,0.0
2025-08-09,CL,2025-2026,Southampton,Wrexham,2,1,H,home,1,1000.0,1000.0,0.0
2025-08-09,CL,2025-2026,Coventry,Hull,0,0,D,draw,0,1000.0,1000.0,0.0
2025-08-09,CL,2025-2026,Oxford,Portsmouth,0,1,A,away,0,1000.0,1000.0,0.0
2025-08-10,CL,2025-2026,Leicester,Sheffield Weds,2,1,H,home,1,1000.0,1000.0,0.0
2025-08-15,EPL,2025-2026,Liverpool,Bournemouth,4,2,H,home,1,1000.0,1000.0,0.0
2025-08-16,CL,2025-2026,Portsmouth,Norwich,1,2,A,away,0,1010.0,990.0,20.0
2025-08-16,EPL,2025-2026,Aston Villa,Newcastle,0,0,D,draw,0,1000.0,1000.0,0.0
2025-08-16,EPL,2025-2026,Brighton,Fulham,1,1,D,draw,0,1000.0,1000.0,0.0
2025-08-16,EPL,2025-2026,Sunderland,West Ham,3,0,H,home,1,1000.0,1000.0,0.0
2025-08-16,EPL,2025-2026,Tottenham,Burnley,3,0,H,home,1,1000.0,1000.0,0.0
2025-08-16,EPL,2025-2026,Wolves,Man City,0,4,A,away,0,1000.0,1000.0,0.0
2025-08-16,CL,2025-2026,Derby,Coventry,3,5,A,away,0,990.0,1000.0,-10.0
2025-08-16,CL,2025-2026,Watford,QPR,2,1,H,home,1,990.0,1000.0,-10.0
2025-08-16,CL,2025-2026,Blackburn,Birmingham,1,2,A,away,0,990.0,1000.0,-10.0
2025-08-16,CL,2025-2026,Millwall,Middlesbrough,0,3,A,away,0,1010.0,1010.0,0.0
2025-08-16,CL,2025-2026,Preston,Leicester,2,1,H,home,1,1000.0,1010.0,-10.0
2025-08-16,CL,2025-2026,Sheffield Weds,Stoke,0,3,A,away,0,990.0,1010.0,-20.0
2025-08-16,CL,2025-2026,Swansea,Sheffield United,1,0,H,home,1,990.0,990.0,0.0
2025-08-16,CL,2025-2026,Bristol City,Charlton,0,0,D,draw,0,1010.0,1010.0,0.0
2025-08-16,CL,2025-2026,Wrexham,West Brom,2,3,A,away,0,990.0,1010.0,-20.0
2025-08-17,CL,2025-2026,Ipswich,Southampton,1,1,D,draw,0,1000.0,1010.0,-10.0
2025-08-17,EPL,2025-2026,Chelsea,Crystal Palace,0,0,D,draw,0,1000.0,1000.0,0.0
2025-08-17,CL,2025-2026,Hull,Oxford,3,2,H,home,1,1000.0,990.0,10.0
2025-08-17,EPL,2025-2026,Man United,Arsenal,0,1,A,away,0,1000.0,1000.0,0.0
2025-08-17,EPL,2025-2026,Nott'm Forest,Brentford,3,1,H,home,1,1000.0,1000.0,0.0
2025-08-18,EPL,2025-2026,Leeds,Everton,1,0,H,home,1,1000.0,1000.0,0.0
2025-08-22,EPL,2025-2026,West Ham,Chelsea,1,5,A,away,0,990.0,1000.0,-10.0
2025-08-22,CL,2025-2026,Derby,Bristol City,1,1,D,draw,0,980.28774368332,1010.0,-29.712256316680055
2025-08-23,EPL,2025-2026,Man City,Tottenham,0,2,A,away,0,1010.0,1010.0,0.0
2025-08-23,EPL,2025-2026,Arsenal,Leeds,5,0,H,home,1,1010.0,1010.0,0.0
2025-08-23,EPL,2025-2026,Burnley,Sunderland,2,0,H,home,1,990.0,1010.0,-20.0
2025-08-23,CL,2025-2026,Southampton,Stoke,1,2,A,away,0,1009.71225631668,1019.4249887221546,-9.712732405474526
2025-08-23,CL,2025-2026,West Brom,Portsmouth,1,1,D,draw,0,1019.4249887221546,999.4249887221546,20.0
2025-08-23,CL,2025-2026,Sheffield United,Millwall,0,1,A,away,0,980.0,1000.0,-20.0
2025-08-23,EPL,2025-2026,Bournemouth,Wolves,1,0,H,home,1,990.0,990.0,0.0
2025-08-23,CL,2025-2026,Wrexham,Sheffield Weds,2,2,D,draw,0,980.5750112778454,980.5750112778454,0.0
2025-08-23,CL,2025-2026,Preston,Ipswich,1,0,H,home,1,1010.28774368332,1000.28774368332,10.0
2025-08-23,CL,2025-2026,Charlton,Leicester,0,1,A,away,0,1010.0,999.71225631668,10.287743683319945
2025-08-23,CL,2025-2026,Hull,Blackburn,0,3,A,away,0,1009.71225631668,980.28774368332,29.42451263336011
2025-08-23,EPL,2025-2026,Brentford,Aston Villa,1,0,H,home,1,990.0,1000.0,-10.0
2025-08-23,CL,2025-2026,Birmingham,Oxford,1,0,H,home,1,1009.71225631668,980.28774368332,29.42451263336011
2025-08-23,CL,2025-2026,Norwich,Middlesbrough,1,2,A,away,0,1000.5750112778454,1020.0,-19.42498872215458
2025-08-23,CL,2025-2026,Coventry,QPR,7,1,H,home,1,1009.71225631668,989.71225631668,20.0
2025-08-23,CL,2025-2026,Swansea,Watford,1,1,D,draw,0,1000.0,1000.28774368332,-0.2877436833199454
2025-08-24,EPL,2025-2026,Fulham,Man United,1,1,D,draw,0,1000.0,990.0,10.0
2025-08-24,EPL,2025-2026,Crystal Palace,Nott'm Forest,1,1,D,draw,0,1000.0,1010.0,-10.0
2025-08-24,EPL,2025-2026,Everton,Brighton,2,0,H,home,1,990.0,1000.0,-10.0
2025-08-25,EPL,2025-2026,Newcastle,Liverpool,2,3,A,away,0,1000.0,1010.0,-10.0
2025-08-29,CL,2025-2026,Leicester,Birmingham,2,0,H,home,1,1010.0082748727183,1018.8673697795949,-8.859094906876635
2025-08-30,CL,2025-2026,Oxford,Coventry,2,2,D,draw,0,971.1326302204051,1019.1372450388346,-48.00461481842956
2025-08-30,CL,2025-2026,Middlesbrough,Sheffield United,1,0,H,home,1,1029.4414857108948,970.5750112778454,58.86647443304935
2025-08-30,CL,2025-2026,QPR,Charlton,3,1,H,home,1,980.2872675945255,999.7039814439618,-19.41671384943629
2025-08-30,CL,2025-2026,Blackburn,Norwich,0,2,A,away,0,991.1326302204051,991.1335255669508,-0.0008953465456897902
2025-08-30,CL,2025-2026,Bristol City,Hull,4,2,H,home,1,1009.1468912303441,998.8673697795949,10.279521450749144
2025-08-30,CL,2025-2026,Ipswich,Derby,2,2,D,draw,0,990.5754873666399,981.1408524529759,9.434634913664013
2025-08-30,CL,2025-2026,Millwall,Wrexham,0,2,A,away,0,1009.4249887221546,980.5750112778454,28.84997744430916
2025-08-30,CL,2025-2026,Portsmouth,Preston,1,0,H,home,1,1000.0,1020.0,-20.0
2025-08-30,CL,2025-2026,Sheffield Weds,Swansea,0,2,A,away,0,980.5750112778454,1000.0082819270542,-19.433270649208794
2025-08-30,CL,2025-2026,Watford,Southampton,2,2,D,draw,0,1000.2794617562657,999.9917384251141,0.28772333115159654
2025-08-30,CL,2025-2026,Stoke,West Brom,0,1,A,away,0,1029.1455066137205,1018.8499774443092,10.295529169411338
2025-08-30,EPL,2025-2026,Leeds,Newcastle,0,0,D,draw,0,1000.0,990.28774368332,9.712256316680055
2025-08-30,EPL,2025-2026,Wolves,Everton,2,3,A,away,0,980.0,1000.28774368332,-20.287743683319945
2025-08-30,EPL,2025-2026,Tottenham,Bournemouth,0,1,A,away,0,1020.0,1000.0,20.0
2025-08-30,EPL,2025-2026,Sunderland,Brentford,2,1,H,home,1,999.4249887221546,1000.28774368332,-0.8627549611653649
2025-08-30,EPL,2025-2026,Man United,Burnley,3,2,H,home,1,990.28774368332,1000.5750112778454,-10.287267594525474
2025-08-30,EPL,2025-2026,Chelsea,Fulham,2,0,H,home,1,1009.71225631668,999.71225631668,10.0
2025-08-31,EPL,2025-2026,Liverpool,Arsenal,1,0,H,home,1,1019.71225631668,1020.0,-0.2877436833199454
2025-08-31,EPL,2025-2026,Brighton,Man City,2,1,H,home,1,989.71225631668,1000.0,-10.287743683319945
2025-08-31,EPL,2025-2026,Nott'm Forest,West Ham,0,3,A,away,0,1009.71225631668,980.28774368332,29.42451263336011
2025-08-31,EPL,2025-2026,Aston Villa,Crystal Palace,0,3,A,away,0,989.71225631668,1000.28774368332,-10.57548736663989
2025-09-12,CL,2025-2026,Ipswich,Sheffield United,5,0,H,home,1,990.30400347249,962.2532957687903,28.050707703699686
2025-09-13,CL,2025-2026,Coventry,Norwich,1,1,D,draw,0,1017.7642868795449,1001.1334997968056,16.63078708273929
2025-09-13,EPL,2025-2026,Brentford,Chelsea,2,2,D,draw,0,990.2629116504546,1019.4245126333601,-29.161600982905497
2025-09-13,CL,2025-2026,Oxford,Leicester,2,2,D,draw,0,972.5055883796948,1020.263204873803,-47.75761649410822
2025-09-13,CL,2025-2026,Wrexham,QPR,1,3,A,away,0,991.4034771263672,990.8455444562761,0.5579326700910769
2025-09-13,CL,2025-2026,Swansea,Hull,2,2,D,draw,0,1009.4495300088197,989.1631518879642,20.28637812085549
2025-09-13,CL,2025-2026,Stoke,Birmingham,1,0,H,home,1,1018.8492641698864,1008.6124397785102,10.236824391376217
2025-09-13,CL,2025-2026,Sheffield Weds,Bristol City,0,3,A,away,0,971.1337631960799,1018.8511091219748,-47.71734592589485
2025-09-13,CL,2025-2026,Preston,Middlesbrough,2,2,D,draw,0,1009.4249887221546,1037.76320121995,-28.338212497795325
2025-09-13,EPL,2025-2026,Fulham,Leeds,1,0,H,home,1,990.0,999.7205315838,-9.720531583800039
2025-09-13,EPL,2025-2026,West Ham,Tottenham,0,3,A,away,0,991.1326302204051,1009.4249887221546,-18.292358501749504
2025-09-13,EPL,2025-2026,Arsenal,Nott'm Forest,3,0,H,home,1,1009.9917180729458,998.8673697795949,11.124348293350863
2025-09-13,EPL,2025-2026,Bournemouth,Brighton,2,1,H,home,1,1010.5750112778454,1000.0082748727183,10.56673640512713
2025-09-13,EPL,2025-2026,Crystal Palace,Sunderland,0,0,D,draw,0,1009.9834506602878,1009.4498207550199,0.5336299052678442
2025-09-13,EPL,2025-2026,Everton,Aston Villa,0,0,D,draw,0,1009.7044782546951,980.0165493397122,29.687928914982876
2025-09-13,CL,2025-2026,Watford,Blackburn,0,1,A,away,0,1000.2711804149936,981.1326559905502,19.138524424443403
2025-09-13,EPL,2025-2026,Newcastle,Wolves,1,0,H,home,1,990.5672120995199,970.5832654286248,19.98394667089508
2025-09-13,CL,2025-2026,Charlton,Millwall,1,1,D,draw,0,989.1457045822111,998.5965228736328,-9.450818291421683
2025-09-13,CL,2025-2026,West Brom,Derby,0,1,A,away,0,1029.1462198881432,981.4123363471258,47.73388354101735
2025-09-14,EPL,2025-2026,Burnley,Liverpool,0,1,A,away,0,990.2790064127373,1029.7205382437342,-39.44153183099684
2025-09-14,EPL,2025-2026,Man City,Man United,3,0,H,home,1,989.7039814439618,1000.583748548428,-10.879767104466282
2025-09-14,CL,2025-2026,Southampton,Portsmouth,0,0,D,draw,0,1000.0000197663862,1010.5750112778454,-10.574991511459189
2025-09-19,CL,2025-2026,Middlesbrough,West Brom,2,1,H,home,1,1036.9493658267572,1017.7809079324402,19.168457894317044
2025-09-20,EPL,2025-2026,Fulham,Brentford,3,1,H,home,1,1000.2797064113496,991.1002845202343,9.17942189111534
2025-09-20,EPL,2025-2026,Wolves,Leeds,1,3,A,away,0,961.1578161810125,989.4408251724504,-28.283008991437896
2025-09-20,EPL,2025-2026,Liverpool,Everton,2,1,H,home,1,1038.590171295801,1008.8520645920868,29.738106703714152
2025-09-20,EPL,2025-2026,Brighton,Tottenham,2,2,D,draw,0,990.3123162558584,1018.8989782632998,-28.58666200744142
2025-09-20,EPL,2025-2026,Burnley,Nott'm Forest,1,1,D,draw,0,981.4093733606705,989.187444890629,-7.778071529958424
2025-09-20,EPL,2025-2026,West Ham,Crystal Palace,1,2,A,away,0,981.6586406792599,1009.9680915690521,-28.309450889792288
2025-09-20,CL,2025-2026,Sheffield United,Charlton,0,1,A,away,0,953.058910365062,989.4176539275196,-36.35874356245756
2025-09-20,EPL,2025-2026,Man United,Chelsea,2,1,H,home,1,990.2707059952371,1018.5871397635805,-28.31643376834336
2025-09-20,CL,2025-2026,Norwich,Wrexham,2,3,A,away,0,1001.6118070718699,981.387418547058,20.224388524811843
2025-09-20,CL,2025-2026,Hull,Southampton,3,1,H,home,1,989.7463781462446,1000.3042985307734,-10.557920384528757
2025-09-20,CL,2025-2026,Derby,Preston,0,1,A,away,0,992.7776483028288,1010.2388241153471,-17.461175812518377
2025-09-20,CL,2025-2026,QPR,Stoke,1,0,H,home,1,1000.8616030355853,1028.5547099109833,-27.69310687539803
2025-09-20,CL,2025-2026,Leicester,Coventry,0,0,D,draw,0,1018.8972225683617,1017.2859796044806,1.6112429638810681
2025-09-20,CL,2025-2026,Portsmouth,Sheffield Weds,0,2,A,away,0,1010.2707325134583,962.4986080307561,47.77212448270211
2025-09-20,CL,2025-2026,Birmingham,Swansea,1,0,H,home,1,998.9069940374133,1008.8663037505393,-9.959309713126004
2025-09-21,EPL,2025-2026,Arsenal,Man City,1,1,D,draw,0,1019.6716429619117,1000.0170239971527,19.654618964759038
2025-09-21,CL,2025-2026,Bristol City,Oxford,1,3,A,away,0,1027.4862642872986,973.8715706851361,53.61469360216245
2025-09-21,EPL,2025-2026,Bournemouth,Newcastle,0,0,D,draw,0,1020.2709698947053,999.9926613471322,20.278308547573147
2025-09-21,EPL,2025-2026,Sunderland,Aston Villa,1,1,D,draw,0,1009.4651798462555,980.8689630023206,28.59621684393494
2025-09-22,CL,2025-2026,Millwall,Watford,1,0,H,home,1,998.3245735283243,989.7208858881825,8.603687640141857
2025-09-26,CL,2025-2026,West Brom,Leicester,1,1,D,draw,0,1008.3320614007015,1018.8508476004457,-10.518786199744227
2025-09-27,CL,2025-2026,Watford,Hull,2,1,H,home,1,979.9684693183514,1000.0501660182844,-20.08169669993299
2025-09-27,CL,2025-2026,Sheffield Weds,QPR,1,1,D,draw,0,973.8650001158027,1011.6569910086561,-37.79199089285339
2025-09-27,CL,2025-2026,Southampton,Middlesbrough,1,1,D,draw,0,990.0005106587337,1046.398212358496,-56.397701699762365
2025-09-27,CL,2025-2026,Charlton,Blackburn,3,0,H,home,1,998.3749686732336,991.6829505173614,6.692018155872233
2025-09-27,CL,2025-2026,Ipswich,Portsmouth,2,1,H,home,1,999.4983888762182,998.9043404284117,0.5940484478064718
2025-09-27,CL,2025-2026,Oxford,Sheffield United,0,1,A,away,0,985.4025919877438,944.101595619348,41.30099636839577
2025-09-27,CL,2025-2026,Preston,Bristol City,0,0,D,draw,0,1019.7366737815585,1015.9552429846909,3.7814307968675394
2025-09-27,EPL,2025-2026,Chelsea,Brighton,1,3,A,away,0,1007.7739270640342,991.133254823414,16.640672240620233
2025-09-27,CL,2025-2026,Stoke,Norwich,1,1,D,draw,0,1017.7593219379125,991.03035896705,26.72896297086254
2025-09-27,EPL,2025-2026,Tottenham,Wolves,1,1,D,draw,0,1018.0780396957442,951.9700731928018,66.10796650294242
2025-09-27,EPL,2025-2026,Nott'm Forest,Sunderland,0,1,A,away,0,988.9636113886728,1008.6439681224206,-19.68035673374777
2025-09-27,EPL,2025-2026,Man City,Burnley,5,1,H,home,1,1000.5821267148636,981.6332068626267,18.94891985223694
2025-09-27,CL,2025-2026,Wrexham,Derby,1,1,D,draw,0,991.9688666518779,983.2797986366174,8.689068015260432
2025-09-27,CL,2025-2026,Coventry,Birmingham,3,0,H,home,1,1017.3323545723966,1009.1935675258744,8.138787046522225
2025-09-27,EPL,2025-2026,Crystal Palace,Liverpool,2,1,H,home,1,1019.1550785240996,1047.7363239119254,-28.58124538782579
2025-09-27,EPL,2025-2026,Brentford,Man United,3,1,H,home,1,981.3644280620364,1001.0839186947834,-19.71949063274701
2025-09-27,EPL,2025-2026,Leeds,Bournemouth,2,2,D,draw,0,998.6285681606612,1019.6879751076854,-21.059406947024172
2025-09-27,CL,2025-2026,Swansea,Millwall,1,1,D,draw,0,998.5797302620781,1008.0769900981554,-9.497259836077319
2025-09-28,EPL,2025-2026,Aston Villa,Fulham,3,1,H,home,1,981.6901747261555,1010.0155628695475,-28.325388143391933
2025-09-28,EPL,2025-2026,Newcastle,Arsenal,1,2,A,away,0,1000.5756561341522,1019.1065402442008,-18.530884110048646
2025-09-29,EPL,2025-2026,Everton,West Ham,1,1,D,draw,0,999.7059119759623,972.4716537242124,27.234258251749907
2025-09-30,CL,2025-2026,Hull,Preston,2,2,D,draw,0,989.4728111268148,1019.6278397516501,-30.155028624835268
2025-09-30,CL,2025-2026,Derby,Charlton,1,1,D,draw,0,983.5298379901783,1008.1823807233031,-24.652542733124847
2025-09-30,CL,2025-2026,Sheffield United,Southampton,1,2,A,away,0,955.28476597341,991.6096582925446,-36.32489231913462
2025-09-30,CL,2025-2026,Middlesbrough,Stoke,0,0,D,draw,0,1044.7890647246852,1016.9915147139998,27.797550010685427
2025-09-30,CL,2025-2026,Leicester,Wrexham,1,1,D,draw,0,1018.5481850651372,991.718827298317,26.82935776682018
2025-09-30,CL,2025-2026,Blackburn,Swansea,1,2,A,away,0,981.8755384672919,998.8530153090562,-16.977476841764314
2025-09-30,CL,2025-2026,Birmingham,Sheffield Weds,2,2,D,draw,0,999.4277778084529,974.9484712791339,24.479306529319047
2025-09-30,CL,2025-2026,Bristol City,Ipswich,1,1,D,draw,0,1016.0640770145993,1009.4812908041246,6.582786210474751
2025-10-01,CL,2025-2026,Norwich,West Brom,0,1,A,away,0,991.7981661909628,1008.63472393601,-16.83655774504723
2025-10-01,CL,2025-2026,QPR,Oxford,0,0,D,draw,0,1010.5735198453249,974.2194216336818,36.35409821164308
2025-10-01,CL,2025-2026,Portsmouth,Watford,2,2,D,draw,0,988.9214385005054,990.5458242098209,-1.6243857093155611
2025-10-01,CL,2025-2026,Millwall,Coventry,0,4,A,away,0,1007.8037050511773,1027.098144289818,-19.294439238640734
2025-10-03,EPL,2025-2026,Bournemouth,Fulham,3,1,H,home,1,1019.0825778873763,999.2020941472977,19.880483740078603
2025-10-03,CL,2025-2026,Wrexham,Birmingham,1,1,D,draw,0,992.4895070179597,998.7243702974678,-6.23486327950809
2025-10-04,CL,2025-2026,Blackburn,Stoke,1,1,D,draw,0,972.3638009686222,1017.7898897126923,-45.42608874407017
2025-10-04,CL,2025-2026,Bristol City,QPR,1,2,A,away,0,1015.8746318656148,1009.5309668415482,6.343665024066581
2025-10-04,CL,2025-2026,Sheffield Weds,Coventry,0,5,A,away,0,975.651878790119,1036.5433758742026,-60.89149708408365
2025-10-04,EPL,2025-2026,Man United,Sunderland,2,0,H,home,1,990.5169548026346,1018.0781269809171,-27.561172178282504
2025-10-04,CL,2025-2026,Millwall,West Brom,3,0,H,home,1,998.3584734667928,1018.1505078227729,-19.792034355980036
2025-10-04,CL,2025-2026,Hull,Sheffield United,1,0,H,home,1,990.3385697755548,946.326487493508,44.01208228204678
2025-10-04,CL,2025-2026,Derby,Southampton,1,1,D,draw,0,984.2382067949776,1000.5679367724466,-16.329729977469015
2025-10-04,EPL,2025-2026,Chelsea,Liverpool,2,1,H,home,1,997.2953359225551,1036.915540196721,-39.62020427416587
2025-10-04,EPL,2025-2026,Arsenal,West Ham,2,0,H,home,1,1028.5736837102195,973.2539171525333,55.319766557686194
2025-10-04,CL,2025-2026,Preston,Charlton,2,0,H,home,1,1018.7620811029101,1007.4740119185038,11.288069184406254
2025-10-04,CL,2025-2026,Swansea,Leicester,1,3,A,away,0,1008.364752807726,1017.7775053454945,-9.412752537768597
2025-10-04,CL,2025-2026,Watford,Oxford,2,1,H,home,1,990.4990709714854,975.2619746374585,15.237096334026887
2025-10-04,EPL,2025-2026,Leeds,Tottenham,1,2,A,away,0,999.2339653809703,1016.1979341349399,-16.963968753969652
2025-10-04,CL,2025-2026,Portsmouth,Middlesbrough,1,0,H,home,1,988.9681917388409,1043.9906897259925,-55.02249798715161
2025-10-05,CL,2025-2026,Ipswich,Norwich,3,1,H,home,1,1009.6707359531091,982.2823823041999,27.388353648909174
2025-10-05,EPL,2025-2026,Brentford,Man City,0,1,A,away,0,991.9313919541852,1010.0372730832854,-18.105881129100226
2025-10-05,EPL,2025-2026,Wolves,Brighton,1,1,D,draw,0,953.8501787536061,1001.6118459648931,-47.76166721128698
2025-10-05,EPL,2025-2026,Newcastle,Nott'm Forest,2,0,H,home,1,991.1085126681334,979.5294525301763,11.579060137957072
2025-10-05,EPL,2025-2026,Everton,Crystal Palace,2,1,H,home,1,998.9236485476414,1029.9758622393042,-31.052213691662814
2025-10-05,EPL,2025-2026,Aston Villa,Burnley,2,1,H,home,1,992.5036434484053,972.1780604942049,20.3255829542004
2025-10-17,CL,2025-2026,Middlesbrough,Ipswich,2,1,H,home,1,1032.4201231013906,1018.8840645966794,13.53605850471115
2025-10-18,CL,2025-2026,Coventry,Blackburn,2,0,H,home,1,1044.8085042130176,973.6638692295194,71.14463498349824
2025-10-18,CL,2025-2026,Charlton,Sheffield Weds,2,1,H,home,1,997.7987943966027,967.386750451304,30.412043945298706
2025-10-18,CL,2025-2026,Birmingham,Hull,2,3,A,away,0,998.5449357679981,999.078532977249,-0.5335972092508428
2025-10-18,CL,2025-2026,Leicester,Portsmouth,1,1,D,draw,0,1027.5066508136233,1000.5387583634428,26.967892450180557
2025-10-18,CL,2025-2026,Oxford,Derby,1,0,H,home,1,965.7002525737937,984.70786841772,-19.00761584392626
2025-10-18,CL,2025-2026,Norwich,Bristol City,0,1,A,away,0,973.0690536606296,1005.692066796162,-32.62301313553235
2025-10-18,CL,2025-2026,Southampton,Swansea,0,0,D,draw,0,1000.0982751497042,998.6356073395973,1.4626678101069501
2025-10-18,CL,2025-2026,Sheffield United,Watford,1,0,H,home,1,937.5865242918138,1000.0607930351501,-62.474268743336324
2025-10-18,EPL,2025-2026,Fulham,Arsenal,0,1,A,away,0,989.773676776774,1036.9947731826642,-47.221096405890194
2025-10-18,CL,2025-2026,West Brom,Preston,2,1,H,home,1,1007.5814626908547,1028.4372986248113,-20.855835933956655
2025-10-18,CL,2025-2026,QPR,Millwall,1,2,A,away,0,1019.713531911001,1008.927518598711,10.786013312290038
2025-10-18,EPL,2025-2026,Nott'm Forest,Chelsea,0,3,A,away,0,969.8626013369668,1008.4307794726438,-38.568178135677044
2025-10-18,EPL,2025-2026,Sunderland,Wolves,2,0,H,home,1,1007.2865124836153,955.2162754724343,52.07023701118101
2025-10-18,EPL,2025-2026,Brighton,Newcastle,2,1,H,home,1,1000.2457492460649,1000.7753638613428,-0.5296146152779784
2025-10-18,EPL,2025-2026,Burnley,Leeds,2,0,H,home,1,962.7624113125854,989.7218400144305,-26.959428701845127
2025-10-18,EPL,2025-2026,Crystal Palace,Bournemouth,3,3,D,draw,0,1019.0844798677631,1028.5109952578998,-9.426515390136728
2025-10-18,EPL,2025-2026,Man City,Everton,2,0,H,home,1,1019.5166151747782,1009.8150309191825,9.701584255595662
2025-10-18,CL,2025-2026,Stoke,Wrexham,1,0,H,home,1,1016.4898214517951,992.6689415474293,23.820879904365825
2025-10-19,EPL,2025-2026,Liverpool,Man United,1,2,A,away,0,1025.7800966466323,1001.3085692999364,24.471527346695893
2025-10-19,EPL,2025-2026,Tottenham,Aston Villa,1,2,A,away,0,1025.7100595014797,1001.9192926300249,23.79076687145482
2025-10-20,EPL,2025-2026,West Ham,Brentford,0,2,A,away,0,964.8328276800886,982.4520498626924,-17.619222182603835
2025-10-21,CL,2025-2026,Millwall,Stoke,2,0,H,home,1,1019.2378653225059,1025.805273707573,-6.567408385067097
2025-10-21,CL,2025-2026,Portsmouth,Coventry,1,2,A,away,0,1001.3134016270393,1052.7889458201553,-51.47554419311598
2025-10-21,CL,2025-2026,Hull,Leicester,2,1,H,home,1,1009.0631748270782,1026.7320075500268,-17.668832722948537
2025-10-21,CL,2025-2026,Derby,Norwich,1,0,H,home,1,974.1613304104832,964.0052696692169,10.156060741266288
2025-10-21,CL,2025-2026,Preston,Birmingham,0,1,A,away,0,1017.8377393811963,988.5602939181689,29.277445463027448
2025-10-21,CL,2025-2026,Bristol City,Southampton,3,1,H,home,1,1014.7558507875747,1000.0561764347179,14.699674352856732
2025-10-21,CL,2025-2026,Ipswich,Charlton,0,3,A,away,0,1009.2734666770936,1006.9256941708627,2.3477725062308537
2025-10-21,CL,2025-2026,Blackburn,Sheffield United,1,3,A,away,0,965.6834276223817,949.365545454905,16.317882167476682
2025-10-22,CL,2025-2026,Sheffield Weds,Middlesbrough,0,1,A,away,0,958.259850677044,1042.0307210209764,-83.77087034393242
2025-10-22,CL,2025-2026,Wrexham,Oxford,1,0,H,home,1,983.3534892916515,976.2467905810305,7.106698710621004
2025-10-22,CL,2025-2026,Swansea,QPR,0,1,A,away,0,998.6777060545836,1009.4031851872062,-10.725479132622581
2025-10-22,CL,2025-2026,Watford,West Brom,2,1,H,home,1,988.2817718720589,1018.1810219344696,-29.899250062410715
2025-10-24,CL,2025-2026,Preston,Sheffield United,3,2,H,home,1,1006.9970557115087,959.8348668219202,47.16218888958849
2025-10-24,EPL,2025-2026,Leeds,West Ham,2,1,H,home,1,978.9474388957368,955.3395153797381,23.607923515998664
2025-10-25,CL,2025-2026,Swansea,Norwich,2,1,H,home,1,988.9863121333486,954.2975013643927,34.68881076895593
2025-10-25,CL,2025-2026,Sheffield Weds,Oxford,1,2,A,away,0,950.6253082184822,966.4513092899701,-15.826001071487894
2025-10-25,CL,2025-2026,Millwall,Leicester,1,0,H,home,1,1029.4268680205755,1016.2238956204561,13.202972400119393
2025-10-25,CL,2025-2026,Middlesbrough,Wrexham,1,1,D,draw,0,1049.6652634795382,993.1489705827119,56.51629289682637
2025-10-25,CL,2025-2026,Derby,QPR,1,0,H,home,1,983.8690987153074,1019.0945791084412,-35.22548039313381
2025-10-25,CL,2025-2026,Portsmouth,Stoke,0,1,A,away,0,992.7842404993977,1015.6162710095033,-22.832030510105596
2025-10-25,CL,2025-2026,Blackburn,Southampton,2,1,H,home,1,955.2141062553666,990.4790148012056,-35.264908545839035
2025-10-25,CL,2025-2026,Bristol City,Birmingham,1,0,H,home,1,1024.333012421087,999.4009775878566,24.932034833230432
2025-10-25,CL,2025-2026,Ipswich,West Brom,1,0,H,home,1,999.2058933809388,1007.3225704687221,-8.116677087783273
2025-10-25,CL,2025-2026,Coventry,Watford,3,1,H,home,1,1061.3181069477969,999.1402233378064,62.17788360999043
2025-10-25,EPL,2025-2026,Brentford,Liverpool,3,2,H,home,1,991.9453621630429,1015.076911931041,-23.13154976799808
2025-10-25,EPL,2025-2026,Man United,Brighton,4,2,H,home,1,1012.0117540155277,1010.2609927682352,1.7507612472925302
2025-10-25,EPL,2025-2026,Newcastle,Fulham,2,1,H,home,1,990.7601203391725,981.1245017463878,9.635618592784795
2025-10-25,EPL,2025-2026,Chelsea,Sunderland,1,2,A,away,0,1017.3252354810294,1015.7989315029826,1.5263039780468262
2025-10-25,CL,2025-2026,Hull,Charlton,1,1,D,draw,0,1019.5712867566489,1016.9932674670174,2.57801928963147
2025-10-26,EPL,2025-2026,Aston Villa,Man City,1,0,H,home,1,1012.6029777078838,1029.2374536855461,-16.634475977662305
2025-10-26,EPL,2025-2026,Everton,Tottenham,0,3,A,away,0,1000.0941924084146,1015.0263744236207,-14.932182015206081
2025-10-26,EPL,2025-2026,Arsenal,Crystal Palace,1,0,H,home,1,1045.6439482130504,1019.3557302353361,26.28821797771434
2025-10-26,EPL,2025-2026,Bournemouth,Nott'm Forest,2,0,H,home,1,1028.2397448903268,960.9681453285813,67.27159956174557
2025-10-26,EPL,2025-2026,Wolves,Burnley,2,3,A,away,0,946.703856453067,973.5368124312791,-26.832955978212112
2025-10-31,CL,2025-2026,Wrexham,Coventry,3,2,H,home,1,994.7614429795672,1069.5473476984912,-74.78590471892403
2025-11-01,CL,2025-2026,Charlton,Swansea,1,1,D,draw,0,1017.0674674650662,997.9911923262404,19.07627513882585
2025-11-01,EPL,2025-2026,Liverpool,Aston Villa,2,0,H,home,1,1004.4121143857614,1023.0813909149203,-18.669276529158992
2025-11-01,CL,2025-2026,Watford,Middlesbrough,3,0,H,home,1,990.910982587112,1048.052791082683,-57.1418084955709
2025-11-01,EPL,2025-2026,Tottenham,Chelsea,0,1,A,away,0,1024.5968561036584,1007.2813052037912,17.315550899867162
2025-11-01,CL,2025-2026,Leicester,Blackburn,0,2,A,away,0,1006.6037248948253,966.2256405660626,40.378084328762725
2025-11-01,CL,2025-2026,Birmingham,Portsmouth,4,0,H,home,1,990.1173499982924,983.440454798035,6.676895200257377
2025-11-01,CL,2025-2026,Norwich,Hull,0,2,A,away,0,945.292621171501,1019.4970867586001,-74.2044655870991
2025-11-01,CL,2025-2026,West Brom,Sheffield Weds,0,0,D,draw,0,997.0889962137777,941.0805023638936,56.008493849884076
2025-11-01,CL,2025-2026,Oxford,Millwall,2,2,D,draw,0,975.9961151445588,1039.0470387462062,-63.05092360164747
2025-11-01,EPL,2025-2026,Fulham,Wolves,3,0,H,home,1,971.4017660608242,937.4746391223559,33.92712693846829
2025-11-01,CL,2025-2026,Southampton,Preston,0,2,A,away,0,979.4674804905096,1015.6478953364482,-36.18041484593857
2025-11-01,CL,2025-2026,Stoke,Bristol City,5,1,H,home,1,1024.960056710866,1033.6166400106513,-8.656583299785325
2025-11-01,CL,2025-2026,Sheffield United,Derby,1,3,A,away,0,951.1840271969807,994.8795097912908,-43.69548259431019
2025-11-01,EPL,2025-2026,Burnley,Arsenal,0,2,A,away,0,982.7660297619902,1054.8887530859333,-72.12272332394309
2025-11-01,EPL,2025-2026,Nott'm Forest,Man United,2,2,D,draw,0,952.8805386132096,1021.961363482673,-69.08082486946341
2025-11-01,EPL,2025-2026,Crystal Palace,Brentford,2,0,H,home,1,1010.1109253624531,1002.6101597083225,7.500765654130646
2025-11-01,EPL,2025-2026,Brighton,Leeds,3,0,H,home,1,1000.3113833010898,988.2689920616948,12.042391239394988
2025-11-01,CL,2025-2026,QPR,Ipswich,1,4,A,away,0,1008.0841680324577,1009.4394676358833,-1.3552996034255784
2025-11-02,EPL,2025-2026,West Ham,Newcastle,3,1,H,home,1,946.0179622137802,1000.4828560247361,-54.464893810955914
2025-11-02,EPL,2025-2026,Man City,Bournemouth,3,1,H,home,1,1018.7590404785096,1036.3273516056984,-17.568311127188736
2025-11-03,EPL,2025-2026,Sunderland,Everton,1,1,D,draw,0,1025.8428617802206,990.5237107283768,35.31915105184373
2025-11-04,CL,2025-2026,Oxford,Stoke,0,3,A,away,0,977.7912037138937,1035.2091616615248,-57.41795794763118
2025-11-04,CL,2025-2026,Leicester,Middlesbrough,1,1,D,draw,0,995.4467543964035,1036.4227881183795,-40.97603372197591
2025-11-04,CL,2025-2026,Coventry,Sheffield United,3,1,H,home,1,1057.4274756923164,942.4350951744947,114.99238051782174
2025-11-04,CL,2025-2026,Derby,Hull,2,1,H,home,1,1003.6284418137768,1027.3932035188373,-23.764761705060437
2025-11-04,CL,2025-2026,Charlton,West Brom,1,0,H,home,1,1016.518959208678,995.4907627777252,21.02819643095279
2025-11-04,CL,2025-2026,Bristol City,Blackburn,0,1,A,away,0,1023.3675350599924,977.3826110644843,45.9849239955081
2025-11-04,CL,2025-2026,Birmingham,Millwall,4,0,H,home,1,999.9251971609349,1037.2519501768713,-37.32675301593645
2025-11-04,CL,2025-2026,Ipswich,Watford,1,1,D,draw,0,1019.4004591754514,1002.5409855514155,16.8594736240359
2025-11-05,CL,2025-2026,Preston,Swansea,2,1,H,home,1,1024.6102872640176,998.5397005826286,26.070586681389045
2025-11-05,CL,2025-2026,QPR,Southampton,1,2,A,away,0,998.1231764928896,970.50508856294,27.618087929949525
2025-11-05,CL,2025-2026,Portsmouth,Wrexham,0,0,D,draw,0,973.6326076353926,1006.8813149857419,-33.24870735034938
2025-11-05,CL,2025-2026,Sheffield Weds,Norwich,1,1,D,draw,0,942.6787357999461,937.3965044112638,5.282231388682362
2025-11-07,CL,2025-2026,Watford,Bristol City,1,1,D,draw,0,1003.0258596880999,1012.0516574049508,-9.025797716850889
2025-11-08,CL,2025-2026,Millwall,Preston,1,1,D,draw,0,1026.1817143545359,1033.86132063852,-7.679606283984185
2025-11-08,CL,2025-2026,Sheffield United,QPR,0,0,D,draw,0,935.6290581247572,987.329934115327,-51.700875990569784
2025-11-08,CL,2025-2026,Middlesbrough,Birmingham,2,1,H,home,1,1035.2488410247468,1010.9954329832703,24.253408041476405
2025-11-08,CL,2025-2026,Norwich,Leicester,1,2,A,away,0,937.5485275389352,996.6207014900364,-59.07217395110115
2025-11-08,CL,2025-2026,Blackburn,Derby,1,2,A,away,0,988.6984887195259,1014.311381897595,-25.612893178069044
2025-11-08,CL,2025-2026,Stoke,Coventry,0,1,A,away,0,1043.5714226579848,1064.233512742054,-20.662090084069177
2025-11-08,CL,2025-2026,Hull,Portsmouth,3,2,H,home,1,1016.7102634350191,974.5866716942862,42.12359174073288
2025-11-08,CL,2025-2026,Southampton,Sheffield Weds,3,1,H,home,1,981.2983309405026,942.5267126722747,38.77161826822794
2025-11-08,CL,2025-2026,Wrexham,Charlton,1,0,H,home,1,1005.9272509268483,1025.9144570117357,-19.987206084887475
2025-11-08,EPL,2025-2026,West Ham,Burnley,3,2,H,home,1,957.572871647745,974.8125761876727,-17.23970453992763
2025-11-08,EPL,2025-2026,Tottenham,Man United,2,2,D,draw,0,1014.098886710657,1019.9988513358634,-5.899964625206394
2025-11-08,CL,2025-2026,West Brom,Oxford,2,1,H,home,1,986.0952649746674,969.4289427174338,16.666322257233674
2025-11-08,EPL,2025-2026,Chelsea,Wolves,3,0,H,home,1,1017.7792745967927,928.4480483006059,89.33122629618674
2025-11-08,EPL,2025-2026,Sunderland,Arsenal,2,2,D,draw,0,1024.8297822435966,1062.842206660251,-38.01242441665431
2025-11-08,CL,2025-2026,Swansea,Ipswich,1,4,A,away,0,989.2886672081262,1018.915585038767,-29.626917830640764
2025-11-08,EPL,2025-2026,Everton,Fulham,2,0,H,home,1,991.536790265001,980.4283568825742,11.10843338242671
2025-11-09,EPL,2025-2026,Man City,Liverpool,3,0,H,home,1,1029.2642665913497,1014.9489427793495,14.315323812000202
2025-11-09,EPL,2025-2026,Nott'm Forest,Leeds,3,1,H,home,1,954.8430507600193,978.6154612087965,-23.772410448777237
2025-11-09,EPL,2025-2026,Crystal Palace,Brighton,0,0,D,draw,0,1019.8950695071758,1009.964914153988,9.930155353187729
2025-11-09,EPL,2025-2026,Aston Villa,Bournemouth,4,0,H,home,1,1012.5445625213322,1025.8221254928583,-13.277562971526095
2025-11-09,EPL,2025-2026,Brentford,Newcastle,3,1,H,home,1,992.8260155635999,988.9279465907712,3.898068972828696
2025-11-21,CL,2025-2026,Preston,Blackburn,1,2,A,away,0,1033.6403197921481,979.434354478789,54.205965313359115
2025-11-22,CL,2025-2026,Oxford,Middlesbrough,1,1,D,draw,0,959.9082704321363,1044.551903519741,-84.64363308760471
2025-11-22,CL,2025-2026,Leicester,Stoke,2,1,H,home,1,1004.9366638226963,1034.1654253083238,-29.2287614856275
2025-11-22,EPL,2025-2026,Liverpool,Nott'm Forest,0,3,A,away,0,1005.3607379148478,965.5262099652603,39.834527949587596
2025-11-22,CL,2025-2026,QPR,Hull,3,2,H,home,1,985.8527505853077,1025.5037549054816,-39.65100432017391
2025-11-22,CL,2025-2026,Derby,Watford,2,3,A,away,0,1023.5755161383319,1003.2855846044844,20.289931533847493
2025-11-22,CL,2025-2026,Ipswich,Wrexham,0,0,D,draw,0,1028.0649146828555,1016.5018951829752,11.563019499880284
2025-11-22,CL,2025-2026,Charlton,Southampton,1,5,A,away,0,1015.3398127556088,990.1870034134988,25.152809342110004
2025-11-22,CL,2025-2026,Portsmouth,Millwall,3,1,H,home,1,965.7931802238237,1026.4027152009078,-60.60953497708408
2025-11-22,EPL,2025-2026,Burnley,Chelsea,0,2,A,away,0,964.316784438686,1025.2633146049332,-60.94653016624716
2025-11-22,EPL,2025-2026,Newcastle,Man City,2,1,H,home,1,979.0401373272093,1038.8524714558514,-59.81233412864208
2025-11-22,EPL,2025-2026,Wolves,Crystal Palace,0,2,A,away,0,920.9640082924656,1019.6093344615311,-98.64532616906558
2025-11-22,EPL,2025-2026,Fulham,Sunderland,1,0,H,home,1,970.7479743942613,1025.9195230821977,-55.171548687936365
2025-11-22,CL,2025-2026,Coventry,West Brom,3,2,H,home,1,1073.639510091715,995.6159372599649,78.02357283175013
2025-11-22,EPL,2025-2026,Brighton,Brentford,2,1,H,home,1,1010.2506491996327,1002.7138248271617,7.53682437247096
2025-11-22,EPL,2025-2026,Bournemouth,West Ham,2,2,D,draw,0,1015.440152444104,968.0686633967317,47.37148904737228
2025-11-22,CL,2025-2026,Bristol City,Swansea,3,0,H,home,1,1011.7919324885663,980.1393375640378,31.652594924528557
2025-11-22,CL,2025-2026,Birmingham,Norwich,4,1,H,home,1,1001.692370488276,929.2325652062752,72.45980528200073
2025-11-23,CL,2025-2026,Sheffield Weds,Sheffield United,0,3,A,away,0,933.6380401992785,937.1062416547765,-3.4682014554979332
2025-11-23,EPL,2025-2026,Leeds,Aston Villa,1,2,A,away,0,967.9323020035556,1022.9265355700865,-54.99423356653085
2025-11-23,EPL,2025-2026,Arsenal,Tottenham,4,1,H,home,1,1061.7524658216498,1014.2686850218257,47.4837807998241
2025-11-24,EPL,2025-2026,Man United,Everton,0,1,A,away,0,1019.8290530246946,1001.2171727533139,18.611880271380755
2025-11-25,CL,2025-2026,Southampton,Leicester,3,0,H,home,1,1000.9096973263696,1015.7759561417276,-14.866258815358037
2025-11-25,CL,2025-2026,Norwich,Oxford,1,1,D,draw,0,921.2884054284694,962.2974284026816,-41.009022974212144
2025-11-25,CL,2025-2026,Stoke,Charlton,3,0,H,home,1,1023.3261329892925,1004.617118842738,18.709014146554523
2025-11-25,CL,2025-2026,Swansea,Derby,1,2,A,away,0,971.0478603359996,1012.9921879525577,-41.9443276165581
2025-11-25,CL,2025-2026,Watford,Preston,1,1,D,draw,0,1013.8689127902585,1022.0926835770921,-8.223770786833597
2025-11-25,CL,2025-2026,Hull,Ipswich,0,2,A,away,0,1014.3674362966163,1027.732227051033,-13.364790754416731
2025-11-25,CL,2025-2026,Middlesbrough,Coventry,2,4,A,away,0,1042.1627455491957,1081.4308162580273,-39.2680707088316
2025-11-26,CL,2025-2026,Blackburn,QPR,0,1,A,away,0,990.9819906938451,996.989069194173,-6.007078500327907
2025-11-26,CL,2025-2026,Wrexham,Bristol City,2,0,H,home,1,1016.8345828147977,1020.8834097166044,-4.048826901806706
2025-11-26,CL,2025-2026,Sheffield United,Portsmouth,3,0,H,home,1,947.0064221081586,977.5201795158773,-30.513757407718685
2025-11-26,CL,2025-2026,Millwall,Sheffield Weds,1,0,H,home,1,1014.6757159088542,923.7378597458963,90.93785616295781
2025-11-26,CL,2025-2026,West Brom,Birmingham,1,1,D,draw,0,987.8246310936526,1009.6365302660818,-21.811899172429207
2025-11-28,CL,2025-2026,Oxford,Ipswich,2,1,H,home,1,961.1225448981319,1037.3477470720418,-76.2252021739099
2025-11-29,EPL,2025-2026,Brentford,Burnley,3,1,H,home,1,992.9307180498781,956.0531923627832,36.87752568709493
2025-11-29,CL,2025-2026,West Brom,Swansea,3,2,H,home,1,988.4516045388776,962.2492840201061,26.202320518771558
2025-11-29,CL,2025-2026,Wrexham,Blackburn,1,1,D,draw,0,1026.9511121456817,981.1548710850634,45.796241060618286
2025-11-29,EPL,2025-2026,Man City,Leeds,3,2,H,home,1,1027.147741885082,959.5020751694199,67.64566671566217
2025-11-29,CL,2025-2026,Norwich,QPR,3,1,H,home,1,922.4632889330192,1006.8161888029547,-84.35289986993553
2025-11-29,CL,2025-2026,Millwall,Southampton,3,2,H,home,1,1022.1164912137536,1011.3373217091819,10.779169504571769
2025-11-29,CL,2025-2026,Middlesbrough,Derby,2,1,H,home,1,1033.288183399018,1021.7907642684513,11.49741913056664
2025-11-29,CL,2025-2026,Coventry,Charlton,3,1,H,home,1,1090.3053784082051,995.1550876738015,95.1502907344036
2025-11-29,CL,2025-2026,Portsmouth,Bristol City,0,1,A,away,0,966.6441741325199,1010.7668803857205,-44.12270625320059
2025-11-29,CL,2025-2026,Leicester,Sheffield United,2,3,A,away,0,1005.3483317589154,957.8824274915161,47.46590426739931
2025-11-29,CL,2025-2026,Sheffield Weds,Preston,2,3,A,away,0,916.2970844409969,1021.8560286216534,-105.55894418065657
2025-11-29,EPL,2025-2026,Tottenham,Fulham,1,2,A,away,0,1005.6269319350608,982.3227249395811,23.304206995479717
2025-11-29,EPL,2025-2026,Everton,Newcastle,1,4,A,away,0,1011.7523538960174,990.7448668979788,21.007486998038644
2025-11-29,EPL,2025-2026,Sunderland,Bournemouth,3,2,H,home,1,1014.3447725368778,1014.0850780611092,0.2596944757685833
2025-11-29,CL,2025-2026,Stoke,Hull,1,2,A,away,0,1032.7881641582292,1004.7519162756076,28.036247882621524
2025-11-30,EPL,2025-2026,Crystal Palace,Man United,1,2,A,away,0,1026.844004512506,1009.2938718819911,17.550132630514895
2025-11-30,EPL,2025-2026,Chelsea,Arsenal,1,1,D,draw,0,1033.526906680836,1070.3942189084148,-36.86731222757885
2025-11-30,EPL,2025-2026,West Ham,Liverpool,0,2,A,away,0,969.4237377797265,994.2192055900136,-24.795467810287164
2025-11-30,EPL,2025-2026,Nott'm Forest,Brighton,0,2,A,away,0,976.6677422900945,1020.0337559769163,-43.366013686821816
2025-11-30,EPL,2025-2026,Aston Villa,Wolves,1,0,H,home,1,1031.3567624042223,913.7293382414907,117.62742416273159
2025-12-01,CL,2025-2026,Birmingham,Watford,2,1,H,home,1,1009.0095568208567,1014.1055677456972,-5.096010924840471
2025-12-02,EPL,2025-2026,Bournemouth,Everton,0,1,A,away,0,1004.0925526675752,1001.1484455884488,2.944107079126411
2025-12-02,CL,2025-2026,Blackburn,Ipswich,1,1,D,draw,0,982.4654116627789,1025.1883453349012,-42.72293367212228
2025-12-02,EPL,2025-2026,Newcastle,Tottenham,2,2,D,draw,0,1001.3487752055474,994.9571870420357,6.391588163511756
2025-12-02,EPL,2025-2026,Fulham,Man City,4,5,A,away,0,992.9924698326063,1035.2249779798758,-42.23250814726953
2025-12-03,EPL,2025-2026,Brighton,Aston Villa,3,4,A,away,0,1028.7920235583306,1038.0948596921153,-9.302836133784695
2025-12-03,EPL,2025-2026,Arsenal,Brentford,2,0,H,home,1,1069.3370572319911,1001.8732656927107,67.46379153928046
2025-12-03,EPL,2025-2026,Liverpool,Sunderland,1,1,D,draw,0,1003.5067438323717,1024.337297930412,-20.83055409804024
2025-12-03,EPL,2025-2026,Leeds,Chelsea,3,1,H,home,1,951.4248390746262,1034.5840683572596,-83.15922928263342
2025-12-03,EPL,2025-2026,Burnley,Crystal Palace,0,1,A,away,0,947.1106447199506,1016.3393002847033,-69.22865556475267
2025-12-03,EPL,2025-2026,Wolves,Nott'm Forest,0,1,A,away,0,906.9912409535978,967.9094747086801,-60.91823375508238
2025-12-04,EPL,2025-2026,Man United,West Ham,1,1,D,draw,0,1019.7985761097938,960.1361995373684,59.66237657242539
2025-12-05,CL,2025-2026,Hull,Middlesbrough,1,4,A,away,0,1015.5571173845037,1042.9573818196236,-27.40026443511988
2025-12-06,EPL,2025-2026,Everton,Nott'm Forest,3,0,H,home,1,1011.2331817736867,976.1738566757665,35.05932509792024
2025-12-06,CL,2025-2026,Watford,Norwich,3,2,H,home,1,1003.9589032782588,934.8445550032995,69.1143482749593
2025-12-06,CL,2025-2026,Derby,Leicester,1,3,A,away,0,1012.1215658478457,993.9905898849825,18.130975962863204
2025-12-06,CL,2025-2026,Preston,Wrexham,1,1,D,draw,0,1028.9079553154002,1025.6405715679662,3.267383747433996
2025-12-06,CL,2025-2026,QPR,West Brom,3,1,H,home,1,994.4349227326743,997.6988676850439,-3.2639449523695703
2025-12-06,CL,2025-2026,Sheffield United,Stoke,4,0,H,home,1,969.240169365449,1021.9829630493331,-52.74279368388409
2025-12-06,CL,2025-2026,Southampton,Birmingham,3,1,H,home,1,1001.6474716419581,1019.156221288295,-17.508749646336923
2025-12-06,EPL,2025-2026,Newcastle,Burnley,2,1,H,home,1,1001.1648312604781,939.077247558492,62.08758370198609
2025-12-06,EPL,2025-2026,Aston Villa,Arsenal,2,1,H,home,1,1047.8271665147224,1077.4193350909377,-29.592168576215272
2025-12-06,EPL,2025-2026,Bournemouth,Chelsea,0,0,D,draw,0,994.0078164823373,1022.2352371299056,-28.22742064756835
2025-12-06,CL,2025-2026,Ipswich,Coventry,3,0,H,home,1,1023.9648410204147,1097.6332071052732,-73.66836608485846
2025-12-06,EPL,2025-2026,Man City,Sunderland,3,0,H,home,1,1044.0153803341832,1023.7384637439266,20.276916590256633
2025-12-06,CL,2025-2026,Bristol City,Millwall,0,1,A,away,0,1019.5037102517491,1031.8063412809774,-12.302631029228337
2025-12-06,EPL,2025-2026,Leeds,Liverpool,3,3,D,draw,0,963.7736703019802,1004.1055780188572,-40.33190771687691
2025-12-06,EPL,2025-2026,Tottenham,Brentford,2,0,H,home,1,995.141130987105,993.7909878337641,1.3501431533409232
2025-12-06,CL,2025-2026,Swansea,Oxford,2,0,H,home,1,953.0020208739398,973.2819466352723,-20.279925761332493
2025-12-07,EPL,2025-2026,Brighton,West Ham,1,1,D,draw,0,1019.0597167357233,961.8367381056587,57.22297863006463
2025-12-07,EPL,2025-2026,Fulham,Crystal Palace,1,2,A,away,0,984.2020674782989,1024.372697446162,-40.17062996786308
2025-12-08,EPL,2025-2026,Wolves,Man United,1,4,A,away,0,898.7268589865114,1018.0980375415035,-119.37117855499207
2025-12-09,CL,2025-2026,Watford,Sheffield Weds,1,1,D,draw,0,1011.9954634298007,909.2451577472501,102.75030568255056
2025-12-09,CL,2025-2026,QPR,Birmingham,2,1,H,home,1,1004.5288638565097,1008.6527051316191,-4.123841275109385
2025-12-09,CL,2025-2026,Sheffield United,Norwich,1,1,D,draw,0,980.7466742433729,926.8079948517577,53.93867939161521
2025-12-09,CL,2025-2026,Preston,Coventry,1,1,D,draw,0,1028.8139152238305,1085.544075836763,-56.73016061293265
2025-12-09,CL,2025-2026,Swansea,Portsmouth,1,0,H,home,1,963.5850620498951,957.9073442664912,5.677717783403864
2025-12-09,CL,2025-2026,Blackburn,Oxford,1,1,D,draw,0,983.6889159772654,962.6989054593171,20.99001051794835
2025-12-09,CL,2025-2026,Southampton,West Brom,3,2,H,home,1,1012.150987798634,987.6049265612085,24.546061237425533
2025-12-09,CL,2025-2026,Charlton,Middlesbrough,1,2,A,away,0,987.8272589767336,1052.170369765676,-64.34311078894245
2025-12-10,CL,2025-2026,Derby,Millwall,1,1,D,draw,0,1001.6001876126822,1041.4523910175883,-39.85220340490605
2025-12-10,CL,2025-2026,Hull,Wrexham,2,0,H,home,1,1006.3441294384514,1025.7346116595359,-19.390482221084426
2025-12-10,CL,2025-2026,Ipswich,Stoke,1,0,H,home,1,1036.0539722889248,1010.4764581714091,25.577514117515648
2025-12-10,CL,2025-2026,Bristol City,Leicester,2,2,D,draw,0,1009.8576605151382,1004.5119681201459,5.345692394992284
2025-12-12,CL,2025-2026,West Brom,Sheffield United,2,0,H,home,1,978.3102458947582,979.2065477645907,-0.8963018698325413
2025-12-13,EPL,2025-2026,Chelsea,Everton,2,0,H,home,1,1021.424569543981,1020.2275044355993,1.1970651083817074
2025-12-13,EPL,2025-2026,Burnley,Fulham,2,3,A,away,0,930.8454891469121,975.3531464808094,-44.50765733389733
2025-12-13,EPL,2025-2026,Arsenal,Wolves,2,1,H,home,1,1066.5696576698244,892.0335371607837,174.53612050904076
2025-12-13,CL,2025-2026,Wrexham,Watford,2,2,D,draw,0,1015.1770874547582,1009.121378116455,6.0557093383031315
2025-12-13,EPL,2025-2026,Liverpool,Brighton,2,0,H,home,1,1002.9499188196473,1017.427439666222,-14.477520846574635
2025-12-13,CL,2025-2026,Portsmouth,Blackburn,2,1,H,home,1,948.0707475750459,983.0855088502337,-35.01476127518788
2025-12-13,CL,2025-2026,Middlesbrough,QPR,3,1,H,home,1,1060.3393116978473,1014.6475519759659,45.69175972188134
2025-12-13,CL,2025-2026,Millwall,Hull,1,3,A,away,0,1040.3103565845488,1016.9016536432291,23.40870294131969
2025-12-13,CL,2025-2026,Birmingham,Charlton,1,1,D,draw,0,998.5340170121628,979.6583170445624,18.87569996760044
2025-12-13,CL,2025-2026,Stoke,Swansea,2,1,H,home,1,1001.2113111458996,973.4216587413405,27.789652404559092
2025-12-13,CL,2025-2026,Coventry,Bristol City,1,0,H,home,1,1083.9256084779608,1009.7038112601044,74.22179721785642
2025-12-13,CL,2025-2026,Leicester,Ipswich,3,1,H,home,1,1004.6658173751796,1045.3191193144344,-40.65330193925479
2025-12-13,CL,2025-2026,Norwich,Southampton,2,1,H,home,1,928.3481213305399,1021.4456684650843,-93.09754713454436
2025-12-13,CL,2025-2026,Oxford,Preston,1,2,A,away,0,963.3023125863488,1030.4323825826327,-67.13006999628396
2025-12-14,EPL,2025-2026,West Ham,Aston Villa,2,3,A,away,0,963.46901517516,1058.6768439358357,-95.20782876067562
2025-12-14,EPL,2025-2026,Crystal Palace,Man City,0,3,A,away,0,1033.2216184436516,1053.4324254747548,-20.210807031103286
2025-12-14,EPL,2025-2026,Sunderland,Newcastle,1,0,H,home,1,1014.321418603355,1009.396589672058,4.924828931297043
2025-12-14,EPL,2025-2026,Nott'm Forest,Tottenham,3,0,H,home,1,967.179534013854,1005.1022709389871,-37.92273692513311
2025-12-14,EPL,2025-2026,Brentford,Leeds,1,1,D,draw,0,983.8298478818821,964.9293295011901,18.900518380692006
2025-12-15,EPL,2025-2026,Man United,Bournemouth,4,4,D,draw,0,1024.7913593672313,994.8184840682619,29.97287529896937
2025-12-15,CL,2025-2026,Sheffield Weds,Derby,0,3,A,away,0,912.1192430605957,1002.7422220457219,-90.62297898512611
2025-12-19,CL,2025-2026,Swansea,Wrexham,2,1,H,home,1,964.2198078771352,1015.0028077772423,-50.78299990010714
2025-12-20,CL,2025-2026,Southampton,Coventry,1,1,D,draw,0,1008.8284471869309,1091.8212484792436,-82.99280129231272
2025-12-20,CL,2025-2026,Sheffield United,Birmingham,3,0,H,home,1,969.1807501802662,997.9912645861115,-28.81051440584531
2025-12-20,CL,2025-2026,QPR,Leicester,4,1,H,home,1,1005.9551368720328,1015.8306025210297,-9.875465648996965
2025-12-20,CL,2025-2026,Ipswich,Sheffield Weds,3,1,H,home,1,1034.1543341685842,904.669996485592,129.4843376829922
2025-12-20,CL,2025-2026,Hull,West Brom,1,0,H,home,1,1027.5743926199477,988.3360434790827,39.23834914086501
2025-12-20,CL,2025-2026,Derby,Portsmouth,1,1,D,draw,0,1010.1914686207256,959.0751552193916,51.11631340133397
2025-12-20,CL,2025-2026,Charlton,Oxford,1,0,H,home,1,980.2010694706138,955.2107809968605,24.990288473753253
2025-12-20,CL,2025-2026,Bristol City,Middlesbrough,2,0,H,home,1,1001.8081712588216,1069.0317268017805,-67.22355554295882
2025-12-20,CL,2025-2026,Preston,Norwich,1,1,D,draw,0,1038.523914172121,940.9653426086933,97.55857156342779
2025-12-20,CL,2025-2026,Blackburn,Millwall,2,0,H,home,1,972.081101205888,1029.6376176078302,-57.55651640194219
2025-12-20,CL,2025-2026,Watford,Stoke,1,0,H,home,1,1009.2956577939709,1010.4131620101049,-1.117504216133966
2025-12-20,EPL,2025-2026,Leeds,Crystal Palace,4,1,H,home,1,965.4727941515504,1023.8026769623593,-58.329882810808954
2025-12-20,EPL,2025-2026,Everton,Arsenal,0,1,A,away,0,1010.2619586026881,1071.9299827799912,-61.668024177303096
2025-12-20,EPL,2025-2026,Tottenham,Liverpool,1,2,A,away,0,994.0150809304072,1013.3663743546782,-19.351293424271034
2025-12-20,EPL,2025-2026,Brighton,Sunderland,0,0,D,draw,0,1007.0109841311911,1024.179680125122,-17.16869599393101
2025-12-20,EPL,2025-2026,Man City,West Ham,3,0,H,home,1,1062.851366956047,956.1427242353404,106.70864272070662
2025-12-20,EPL,2025-2026,Bournemouth,Burnley,1,1,D,draw,0,995.6790389838583,922.1195607445618,73.55947823929648
2025-12-20,EPL,2025-2026,Newcastle,Chelsea,2,2,D,draw,0,999.5383281502909,1031.390115376892,-31.851787226601118
2025-12-20,EPL,2025-2026,Wolves,Brentford,0,2,A,away,0,886.6732120506168,983.2863832315218,-96.61317118090494
2025-12-21,EPL,2025-2026,Aston Villa,Man United,2,1,H,home,1,1066.0031348756554,1023.9308044516349,42.07233042402049
2025-12-22,EPL,2025-2026,Fulham,Nott'm Forest,1,0,H,home,1,984.0790748831597,978.2667240224339,5.8123508607258145
2025-12-26,CL,2025-2026,Oxford,Southampton,2,1,H,home,1,945.9288214572823,1011.1727519974942,-65.24393054021186
2025-12-26,CL,2025-2026,Coventry,Swansea,1,0,H,home,1,1089.4769436686804,975.67113925353,113.80580441515042
2025-12-26,CL,2025-2026,Leicester,Watford,1,2,A,away,0,1005.5464402935031,1019.3278220399209,-13.781381746417765
2025-12-26,CL,2025-2026,Middlesbrough,Blackburn,0,0,D,draw,0,1057.1206657973084,983.7227210220639,73.39794477524458
2025-12-26,CL,2025-2026,Norwich,Charlton,1,0,H,home,1,943.7017602761799,989.483029010192,-45.78126873401209
2025-12-26,CL,2025-2026,Sheffield Weds,Hull,2,2,D,draw,0,898.2333843774613,1036.4497993984592,-138.21641502099783
2025-12-26,CL,2025-2026,Wrexham,Sheffield United,5,3,H,home,1,1003.5514764008475,980.008087976512,23.54338842433549
2025-12-26,CL,2025-2026,West Brom,Bristol City,1,2,A,away,0,979.4606367005713,1013.7192322632935,-34.258595562722235
2025-12-26,CL,2025-2026,Portsmouth,QPR,1,1,D,draw,0,960.5358767445957,1016.2392990995594,-55.703422354963664
2025-12-26,CL,2025-2026,Birmingham,Derby,1,1,D,draw,0,987.1639267898656,1008.7307470955215,-21.566820305655824
2025-12-26,CL,2025-2026,Millwall,Ipswich,0,0,D,draw,0,1017.9959977916543,1040.590946276715,-22.594948485060627
2025-12-26,EPL,2025-2026,Man United,Newcastle,1,0,H,home,1,1015.1358590131348,1000.4525365180579,14.683322495076936
2025-12-26,CL,2025-2026,Stoke,Preston,0,0,D,draw,0,1000.3809977641549,1035.7874965046344,-35.40649874047949
2025-12-27,EPL,2025-2026,Chelsea,Aston Villa,1,2,A,away,0,1030.475907009125,1074.7980803141556,-44.322173305030674
2025-12-27,EPL,2025-2026,Liverpool,Wolves,2,1,H,home,1,1022.8099745951832,879.3844377524456,143.42553684273764
2025-12-27,EPL,2025-2026,Nott'm Forest,Man City,1,2,A,away,0,968.4340013230618,1069.8731082057736,-101.43910688271183
2025-12-27,EPL,2025-2026,Arsenal,Brighton,2,1,H,home,1,1080.1734420038547,1007.5047370931334,72.66870491072132
2025-12-27,EPL,2025-2026,Brentford,Bournemouth,4,1,H,home,1,990.575157529693,993.5929051712328,-3.0177476415398132
2025-12-27,EPL,2025-2026,Burnley,Everton,0,0,D,draw,0,924.2056945571873,1002.0184993788245,-77.8128048216372
2025-12-27,EPL,2025-2026,West Ham,Fulham,0,1,A,away,0,949.1209829856139,993.9117975825318,-44.790814596917926
2025-12-28,EPL,2025-2026,Crystal Palace,Tottenham,0,1,A,away,0,1012.1394056877708,984.5714806899022,27.56792499786866
2025-12-28,EPL,2025-2026,Sunderland,Leeds,1,1,D,draw,0,1023.6859271631798,977.1360654261389,46.54986173704094
2025-12-29,CL,2025-2026,Birmingham,Southampton,1,1,D,draw,0,987.7838737174061,999.3166474962798,-11.532773778873661
2025-12-29,CL,2025-2026,Wrexham,Preston,2,1,H,home,1,1012.8748785095878,1034.7719287655077,-21.897050255919908
2025-12-29,CL,2025-2026,West Brom,QPR,2,1,H,home,1,970.4434950343106,1014.649623236808,-44.20612820249744
2025-12-29,CL,2025-2026,Stoke,Sheffield United,1,2,A,away,0,1001.3965655032816,970.6846858677717,30.711879635509945
2025-12-29,CL,2025-2026,Sheffield Weds,Blackburn,0,0,D,draw,0,902.0141955369577,985.8044074325312,-83.79021189557352
2025-12-29,CL,2025-2026,Portsmouth,Charlton,2,1,H,home,1,962.1255526073471,978.1729119716337,-16.047359364286535
2025-12-29,CL,2025-2026,Oxford,Swansea,0,1,A,away,0,957.7849259584967,968.8344004509222,-11.049474492425475
2025-12-29,CL,2025-2026,Norwich,Watford,0,1,A,away,0,955.0118773147383,1028.9313698908632,-73.91949257612487
2025-12-29,CL,2025-2026,Leicester,Derby,2,1,H,home,1,995.9428924425608,1008.110800167981,-12.16790772542015
2025-12-29,CL,2025-2026,Middlesbrough,Hull,0,1,A,away,0,1055.038979386841,1032.6689882389628,22.36999114787818
2025-12-29,CL,2025-2026,Coventry,Ipswich,0,2,A,away,0,1096.313682471288,1039.9415266661636,56.37215580512452
2025-12-29,CL,2025-2026,Millwall,Bristol City,2,1,H,home,1,1018.6454174022057,1022.7363739295542,-4.090956527348567
2025-12-30,EPL,2025-2026,Arsenal,Aston Villa,4,1,H,home,1,1088.1118440013304,1083.529261072521,4.5825829288094155
2025-12-30,EPL,2025-2026,Man United,Wolves,1,1,D,draw,0,1024.7134904504055,873.2930137937644,151.42047665664109
2025-12-30,EPL,2025-2026,Nott'm Forest,Everton,0,2,A,away,0,961.2734272795351,999.8155767702038,-38.54214949066875
2025-12-30,EPL,2025-2026,West Ham,Brighton,2,2,D,draw,0,940.4030713759356,999.5663350956576,-59.163263719721954
2025-12-30,EPL,2025-2026,Burnley,Newcastle,1,3,A,away,0,926.4086171658079,990.874905080787,-64.46628791497915
2025-12-30,EPL,2025-2026,Chelsea,Bournemouth,2,2,D,draw,0,1021.7447262507595,983.5060495962555,38.23867665450405
2026-01-01,CL,2025-2026,Preston,Sheffield Weds,3,0,H,home,1,1024.1425141468162,904.38017861685,119.76233552996621
2026-01-01,EPL,2025-2026,Liverpool,Leeds,0,0,D,draw,0,1028.9013985538645,978.4679183130881,50.43348024077636
2026-01-01,EPL,2025-2026,Brentford,Tottenham,0,0,D,draw,0,1000.6620131046703,995.3632883307033,5.298724773967024
2026-01-01,CL,2025-2026,Bristol City,Portsmouth,5,0,H,home,1,1012.618632176951,972.5871045700849,40.03152760686612
2026-01-01,CL,2025-2026,Southampton,Millwall,0,0,D,draw,0,998.9848294452776,1028.763159154809,-29.778329709531477
2026-01-01,CL,2025-2026,Ipswich,Oxford,2,1,H,home,1,1051.5499580603066,948.1028482212892,103.44710983901746
2026-01-01,CL,2025-2026,QPR,Norwich,1,2,A,away,0,1003.3840904093818,947.1079200759178,56.27617033346394
2026-01-01,EPL,2025-2026,Sunderland,Man City,0,0,D,draw,0,1022.3540742762306,1077.0336822493002,-54.679607973069665
2026-01-01,CL,2025-2026,Swansea,West Brom,1,0,H,home,1,978.5164781881297,981.7090278617368,-3.192549673607118
2026-01-01,CL,2025-2026,Blackburn,Wrexham,0,2,A,away,0,983.4384243526389,1023.5042931282792,-40.0658687756403
2026-01-01,CL,2025-2026,Charlton,Coventry,1,1,D,draw,0,967.7113600088959,1084.705251077145,-116.99389106824913
2026-01-01,EPL,2025-2026,Crystal Palace,Fulham,1,1,D,draw,0,1001.3475980469697,1002.62970919221,-1.2821111452403784
2026-01-01,CL,2025-2026,Hull,Stoke,0,1,A,away,0,1043.3119600938248,990.5149017465995,52.79705834722529
2026-01-01,CL,2025-2026,Sheffield United,Leicester,3,1,H,home,1,981.5663496244538,1006.2929698625501,-24.726620238096302
2026-01-01,CL,2025-2026,Watford,Birmingham,3,0,H,home,1,1036.8353271296837,988.1156917684083,48.71963536127544
2026-01-01,CL,2025-2026,Derby,Middlesbrough,1,0,H,home,1,997.7607227479917,1044.396007531979,-46.63528478398723
2026-01-03,EPL,2025-2026,Wolves,West Ham,3,0,H,home,1,877.3947767874387,942.0896563519715,-64.69487956453281
2026-01-03,EPL,2025-2026,Aston Villa,Nott'm Forest,3,1,H,home,1,1073.661150763608,952.3782312568933,121.28291950671473
2026-01-03,EPL,2025-2026,Bournemouth,Arsenal,2,3,A,away,0,984.6022247071859,1097.9799543102433,-113.37772960305745
2026-01-03,EPL,2025-2026,Brighton,Burnley,2,0,H,home,1,997.8797501196217,918.2431014671058,79.63664865251587
2026-01-04,EPL,2025-2026,Fulham,Liverpool,2,2,D,draw,0,1002.5928072345837,1027.4599166969126,-24.867109462328926
2026-01-04,EPL,2025-2026,Man City,Chelsea,1,1,D,draw,0,1075.4727428410015,1020.6485511398291,54.82419170117237
2026-01-04,EPL,2025-2026,Tottenham,Sunderland,1,1,D,draw,0,995.5157860661083,1023.9150136845292,-28.399227618420923
2026-01-04,EPL,2025-2026,Newcastle,Crystal Palace,2,0,H,home,1,999.0404207794891,1001.384500004596,-2.3440792251069524
2026-01-04,EPL,2025-2026,Everton,Brentford,2,4,A,away,0,1008.7107727928457,1000.5095153692654,8.201257423580273
2026-01-04,EPL,2025-2026,Leeds,Man United,1,1,D,draw,0,979.90940017004,1020.6117274567313,-40.70232728669123
2026-01-04,CL,2025-2026,Norwich,Stoke,0,2,A,away,0,958.7136601386434,1002.0229330037969,-43.3092728651535
2026-01-04,CL,2025-2026,Millwall,Swansea,2,1,H,home,1,1027.9081625114845,988.6083645680656,39.29979794341898
2026-01-04,CL,2025-2026,Derby,Wrexham,1,2,A,away,0,1009.0949906160129,1032.3561895466398,-23.26119893062696
2026-01-04,CL,2025-2026,Bristol City,Preston,0,2,A,away,0,1021.4715039959135,1030.8258123129615,-9.35430831704798
2026-01-04,CL,2025-2026,Blackburn,Charlton,2,2,D,draw,0,974.5865279342784,970.9569586509111,3.629569283367232
2026-01-04,CL,2025-2026,QPR,Sheffield Weds,3,0,H,home,1,991.7783503466562,897.6968804507047,94.0814698959515
2026-01-04,CL,2025-2026,Birmingham,Coventry,3,2,H,home,1,979.5088362061474,1081.4596524351298,-101.95081622898238
2026-01-04,CL,2025-2026,Middlesbrough,Southampton,4,0,H,home,1,1033.061739663958,999.8398260886021,33.22191357535587
2026-01-05,CL,2025-2026,Leicester,West Brom,2,1,H,home,1,995.5824796665368,971.6171414818009,23.965338184735856
2026-01-06,EPL,2025-2026,West Ham,Nott'm Forest,1,2,A,away,0,930.248814840916,945.7338278329321,-15.485012992016095
2026-01-07,EPL,2025-2026,Newcastle,Leeds,4,3,H,home,1,1009.1078877793143,981.0755772116958,28.032310567618538
2026-01-07,EPL,2025-2026,Bournemouth,Tottenham,3,2,H,home,1,977.7543934683475,996.3313659591741,-18.57697249082662
2026-01-07,EPL,2025-2026,Brentford,Sunderland,3,0,H,home,1,1010.7455226999377,1023.0994337914633,-12.35391109152556
2026-01-07,EPL,2025-2026,Burnley,Man United,2,2,D,draw,0,910.4959128845215,1019.4455504150756,-108.94963753055401
2026-01-07,EPL,2025-2026,Everton,Wolves,1,1,D,draw,0,998.4747654621733,889.2356182984942,109.23914716367915
2026-01-07,EPL,2025-2026,Fulham,Chelsea,2,1,H,home,1,1003.3073205077463,1022.2135503432341,-18.906229835487807
2026-01-07,EPL,2025-2026,Man City,Brighton,1,1,D,draw,0,1073.9077436375965,1005.626938702206,68.2808049353905
2026-01-07,EPL,2025-2026,Crystal Palace,Aston Villa,0,0,D,draw,0,991.3170330047708,1080.3055541875692,-88.98852118279842
2026-01-08,EPL,2025-2026,Arsenal,Liverpool,0,0,D,draw,0,1104.8277855490817,1026.74540342375,78.0823821253316
